order_id,reference_no,order_date,month,revenue_vnd,productions_plan_id,plan_date,plan_order_count,plan_total_revenue_vnd,allocation_ratio_pct,npl_product_id,npl_code,npl_name,qty_bom,unit_price_vnd,npl_cost_vnd,allocated_to_order_vnd,has_price,material_matched,last_po_date
46734,DDH-25010246821,2025-01-02,1,1430000.0,20026,2025-01-02,1,1430000.0,100.0,8005,DCG-AW0331-C16,Decal Giấy_AW0331_Cuộn_Khổ_11_cm,565.6,1224.7092,692696.0,692696.0,True,True,2026-03-06
47079,DDH-25010947166,2025-01-09,1,39812328.0,20236,2025-01-11,2,41823360.0,95.19,10642,GC100-HAINAN-T1,Giấy Couche_Hainan_100_Tờ_QC_65x86_cm,1566.135714285669,1280.0009,2004654.0,1908262.0,True,True,2026-03-06
47079,DDH-25010947166,2025-01-09,1,39812328.0,20236,2025-01-11,2,41823360.0,95.19,8530,VTSX-KEMIN-2,VTSX_Kẽm In_Offset Kodak Elecxd QC 80x103 cm,3.0,133100.0,399300.0,380100.0,True,True,2026-03-06
47108,DDH-25010947195,2025-01-09,1,235410.0,20275,2025-01-13,1,235410.0,100.0,7924,DCG-SW7325-T3,Decal Giấy_SW7325_Tờ_QC_32x44_cm,26.072916666667,1839.3661,47958.0,47958.0,True,True,2025-04-02
47301,DDH-25011347388,2025-01-13,1,244224.0,20359,2025-01-15,1,244224.0,100.0,7924,DCG-SW7325-T3,Decal Giấy_SW7325_Tờ_QC_32x44_cm,23.744897959184,1839.3661,43676.0,43676.0,True,True,2025-04-02
47312,DDH-25011447399,2025-01-14,1,12516768.0,20343,2025-01-15,5,33978600.0,36.84,7542,VTSX-MNHIETM-9,VTSX_Màng Nhiệt_Keo Mờ_17K_Cuộn_Khổ_64.5_cm,587.902142857139,755.811,444342.0,163683.0,True,True,2026-02-05
47312,DDH-25011447399,2025-01-14,1,12516768.0,20343,2025-01-15,5,33978600.0,36.84,8530,VTSX-KEMIN-2,VTSX_Kẽm In_Offset Kodak Elecxd QC 80x103 cm,1.0,133100.0,133100.0,49030.0,True,True,2026-03-06
47312,DDH-25011447399,2025-01-14,1,12516768.0,20343,2025-01-15,5,33978600.0,36.84,7455,VTSX-TUIPE-8,VTSX_Túi PE_Trắng_QC_35x50_cm,9.5705,702.0,6719.0,2475.0,True,False,2026-03-14
47372,DDH-25011447459,2025-01-14,1,70339100.0,20422,2025-01-17,1,70339100.0,100.0,8500,DCG-SW7325-C6,Decal Giấy_SW7325_Cuộn_Khổ_10_cm,4073.74,1276.56,5200374.0,5200374.0,True,True,2026-03-06
47502,DDH-25011547589,2025-01-15,1,8917700.0,20373,2025-01-16,3,31632700.0,28.19,10608,GD2M350-DEAH-T7,Giấy Duplex_2 Mặt_Deahan_350_Tờ_QC_65x86_cm,686.25,4578.12,3141735.0,885699.0,True,True,2025-09-05
47502,DDH-25011547589,2025-01-15,1,8917700.0,20373,2025-01-16,3,31632700.0,28.19,8530,VTSX-KEMIN-2,VTSX_Kẽm In_Offset Kodak Elecxd QC 80x103 cm,18.0,133100.0,2395800.0,675409.0,True,True,2026-03-06
47502,DDH-25011547589,2025-01-15,1,8917700.0,20373,2025-01-16,3,31632700.0,28.19,7587,VTSX-BONGTPN-1,VTSX_Bóng Toàn Phần Nhung_SRO764,5490.0,312.12,1713539.0,483071.0,True,True,2025-11-04
47502,DDH-25011547589,2025-01-15,1,8917700.0,20373,2025-01-16,3,31632700.0,28.19,7586,VTSX-BONGTPM-1,VTSX_Bóng Toàn Phần Mờ_SRO1281W2,2745.0,86.4,237168.0,66861.0,True,True,2026-03-06
47502,DDH-25011547589,2025-01-15,1,8917700.0,20373,2025-01-16,3,31632700.0,28.19,7585,VTSX-BONGTPL-2,VTSX_Bóng Toàn Phần Láng_SRO1250AD,2745.0,65.88,180841.0,50982.0,True,False,2026-02-05
47526,DDH-25011547613,2025-01-15,1,5466500.0,20393,2025-01-17,4,44795500.0,12.2,10608,GD2M350-DEAH-T7,Giấy Duplex_2 Mặt_Deahan_350_Tờ_QC_65x86_cm,632.03703703704,4578.12,2893541.0,353106.0,True,True,2025-09-05
47526,DDH-25011547613,2025-01-15,1,5466500.0,20393,2025-01-17,4,44795500.0,12.2,8530,VTSX-KEMIN-2,VTSX_Kẽm In_Offset Kodak Elecxd QC 80x103 cm,16.0,133100.0,2129600.0,259880.0,True,True,2026-03-06
47526,DDH-25011547613,2025-01-15,1,5466500.0,20393,2025-01-17,4,44795500.0,12.2,7587,VTSX-BONGTPN-1,VTSX_Bóng Toàn Phần Nhung_SRO764,2528.14814814814,312.12,789085.0,96294.0,True,True,2025-11-04
47526,DDH-25011547613,2025-01-15,1,5466500.0,20393,2025-01-17,4,44795500.0,12.2,7586,VTSX-BONGTPM-1,VTSX_Bóng Toàn Phần Mờ_SRO1281W2,2528.14814814814,86.4,218432.0,26656.0,True,True,2026-03-06
47526,DDH-25011547613,2025-01-15,1,5466500.0,20393,2025-01-17,4,44795500.0,12.2,7585,VTSX-BONGTPL-2,VTSX_Bóng Toàn Phần Láng_SRO1250AD,2528.14814814814,65.88,166555.0,20325.0,True,False,2026-02-05
47611,DDH-25011647698,2025-01-16,1,10276750.0,20459,2025-01-18,4,17003350.0,60.44,8530,VTSX-KEMIN-2,VTSX_Kẽm In_Offset Kodak Elecxd QC 80x103 cm,24.0,133100.0,3194400.0,1930681.0,True,True,2026-03-06
47611,DDH-25011647698,2025-01-16,1,10276750.0,20459,2025-01-18,4,17003350.0,60.44,7586,VTSX-BONGTPM-1,VTSX_Bóng Toàn Phần Mờ_SRO1281W2,796.519480519478,86.4,68818.0,41593.0,True,True,2026-03-06
47629,DDH-25011747716,2025-01-17,1,10857210.0,20448,2025-01-18,1,10857210.0,100.0,10539,GCHIP800-BBOI-WB-T3,Giấy Chipboard_Bìa Bồi_Wonbang_800_Tờ_QC_82x120_cm,124.48958333333,10390.9997,1293571.0,1293571.0,True,True,2025-02-26
47629,DDH-25011747716,2025-01-17,1,10857210.0,20448,2025-01-18,1,10857210.0,100.0,10596,GD1M250-DEAH-T3,Giấy Duplex_1 Mặt_Deahan_250_Tờ_QC_79x109_cm,248.97916666666,3530.52,879026.0,879026.0,True,True,2026-03-06
47629,DDH-25011747716,2025-01-17,1,10857210.0,20448,2025-01-18,1,10857210.0,100.0,7587,VTSX-BONGTPN-1,VTSX_Bóng Toàn Phần Nhung_SRO764,1991.8333333333,312.12,621691.0,621691.0,True,True,2025-11-04
47629,DDH-25011747716,2025-01-17,1,10857210.0,20448,2025-01-18,1,10857210.0,100.0,8530,VTSX-KEMIN-2,VTSX_Kẽm In_Offset Kodak Elecxd QC 80x103 cm,4.0,133100.0,532400.0,532400.0,True,True,2026-03-06
47629,DDH-25011747716,2025-01-17,1,10857210.0,20448,2025-01-18,1,10857210.0,100.0,7514,VTSX-MIOS-DIC-1,VTSX_Mực In Offset DIC_OS01213_Bóng Mờ,995.91666666667,181.5,180759.0,180759.0,True,True,2024-12-11
47629,DDH-25011747716,2025-01-17,1,10857210.0,20448,2025-01-18,1,10857210.0,100.0,10482,GC79.1-ALPHA-T1,Giấy Couche_Alpha_79.1_Tờ_QC_65x86_cm,138.96511627907,989.9993,137575.0,137575.0,True,True,2025-09-27
47629,DDH-25011747716,2025-01-17,1,10857210.0,20448,2025-01-18,1,10857210.0,100.0,7585,VTSX-BONGTPL-2,VTSX_Bóng Toàn Phần Láng_SRO1250AD,995.91666666667,65.88,65611.0,65611.0,True,False,2026-02-05
47672,DDH-25011847759,2025-01-18,1,7945500.0,20482,2025-01-20,2,7979400.0,99.58,8836,VTSX-BONGTPL-6,VTSX_Bóng Toàn Phần Láng_SRO_1504RHG,3768.799999999967,83.16,313413.0,312081.0,True,True,2026-03-06
47672,DDH-25011847759,2025-01-18,1,7945500.0,20482,2025-01-20,2,7979400.0,99.58,7594,VTSX-KEO-1,VTSX_Keo_Cán Màng_Nước_102,1884.4000000000333,37.3086,70304.0,70005.0,True,True,2026-02-05
47672,DDH-25011847759,2025-01-18,1,7945500.0,20482,2025-01-20,2,7979400.0,99.58,10730,GB250-IPSUN-FSCMIX-T1,Giấy Bristol_Ipsun FSC Mix Credit_250_Tờ_QC_78.7x109.2_cm,235.54999999999666,0.0,0.0,0.0,False,True,
47679,DDH-25011847766,2025-01-18,1,147780.0,20487,2025-01-20,2,2127780.0,6.95,7586,VTSX-BONGTPM-1,VTSX_Bóng Toàn Phần Mờ_SRO1281W2,280.822222222224,86.4,24263.0,1685.0,True,True,2026-03-06
47679,DDH-25011847766,2025-01-18,1,147780.0,20487,2025-01-20,2,2127780.0,6.95,8836,VTSX-BONGTPL-6,VTSX_Bóng Toàn Phần Láng_SRO_1504RHG,280.822222222224,83.16,23353.0,1622.0,True,True,2026-03-06
47679,DDH-25011847766,2025-01-18,1,147780.0,20487,2025-01-20,2,2127780.0,6.95,7453,VTSX-TUIPE-6,VTSX_Túi PE_Trắng_QC_25x35_cm,3.51027777777776,330.3529,1159.0,80.0,True,True,2026-03-18
47722,DDH-25012047809,2025-01-20,1,61800000.0,20498,2025-01-21,1,61800000.0,100.0,10658,GC250-HAINAN-T1,Giấy Couche_Hainan_250_Tờ_QC_65x86_cm,4734.375,3244.0003,15358314.0,15358314.0,True,True,2026-03-06
47722,DDH-25012047809,2025-01-20,1,61800000.0,20498,2025-01-21,1,61800000.0,100.0,7473,VTSX-MIOS-92-1,VTSX_Mực In Offset 92_Bóng_Mờ,18937.5,259.2,4908600.0,4908600.0,True,True,2026-03-06
47722,DDH-25012047809,2025-01-20,1,61800000.0,20498,2025-01-21,1,61800000.0,100.0,8530,VTSX-KEMIN-2,VTSX_Kẽm In_Offset Kodak Elecxd QC 80x103 cm,3.0,133100.0,399300.0,399300.0,True,True,2026-03-06
47860,DDH-25012247947,2025-01-22,1,1176120.0,20609,2025-01-24,1,1176120.0,100.0,8029,DCCN-MW0066-T1,Decal Cảm Nhiệt_MW0066_Tờ_QC_32x42_cm,50.730769230769,1711.0518,86803.0,86803.0,True,True,2025-05-08
48001,DDH-25012448088,2025-01-24,1,4295900.0,20666,2025-02-03,1,4295900.0,100.0,8530,VTSX-KEMIN-2,VTSX_Kẽm In_Offset Kodak Elecxd QC 80x103 cm,6.0,133100.0,798600.0,798600.0,True,True,2026-03-06
48001,DDH-25012448088,2025-01-24,1,4295900.0,20666,2025-02-03,1,4295900.0,100.0,7586,VTSX-BONGTPM-1,VTSX_Bóng Toàn Phần Mờ_SRO1281W2,177.13846153846,86.4,15305.0,15305.0,True,True,2026-03-06
48034,DDH-25012548121,2025-01-25,1,3289567.0,20650,2025-02-03,2,3443257.0,95.54,10670,GD1M350-HANSON-T1,Giấy Duplex_1 Mặt_Hanson_350_Tờ_QC_79x109_cm,98.041666666667,5086.0008,498640.0,476383.0,True,True,2025-07-04
48056,DDH-25012548143,2025-01-25,1,375000.0,20786,2025-02-06,2,600000.0,62.5,8003,DCG-AW0331-C18,Decal Giấy_AW0331_Cuộn_Khổ_12_cm,650.416,1336.0464,868987.0,543117.0,True,True,2025-06-03
48114,DDH-25020348201,2025-02-03,2,860000.0,20690,2025-02-04,2,2537000.0,33.9,10148,DCG-SW7325-C21,Decal Giấy_SW7325_Cuộn_Khổ_14_cm,670.3875,1787.184,1198106.0,406138.0,True,False,2026-02-05
48283,DDH-25020648370,2025-02-06,2,4362020.0,20797,2025-02-07,2,8485020.0,51.41,10664,GC350-HAINAN-T2,Giấy Couche_Hainan_350_Tờ_QC_79x109_cm,189.42307692308,6959.9995,1318385.0,677762.0,True,True,2026-02-05
48283,DDH-25020648370,2025-02-06,2,4362020.0,20797,2025-02-07,2,8485020.0,51.41,8530,VTSX-KEMIN-2,VTSX_Kẽm In_Offset Kodak Elecxd QC 80x103 cm,4.0,133100.0,532400.0,273699.0,True,True,2026-03-06
48329,DDH-25020648416,2025-02-06,2,5314400.0,20801,2025-02-07,3,53494956.0,9.93,11012,GD1M350-HANSON-T6,Giấy Duplex_1 Mặt_Hanson_350_Tờ_QC_89x65_cm,3141.0833333333,3460.0003,10868149.0,1079685.0,True,True,2025-03-21
48372,DDH-25020748459,2025-02-07,2,7128500.0,20838,2025-02-08,1,7128500.0,100.0,10762,GK350-KRAFT-SIAM-T1,Giấy Kraft_Thái_Siam_350_Tờ_QC_75x109_cm,170.0,4694.76,798109.0,798109.0,True,True,2026-03-06
48372,DDH-25020748459,2025-02-07,2,7128500.0,20838,2025-02-08,1,7128500.0,100.0,8530,VTSX-KEMIN-2,VTSX_Kẽm In_Offset Kodak Elecxd QC 80x103 cm,3.0,133100.0,399300.0,399300.0,True,True,2026-03-06
48372,DDH-25020748459,2025-02-07,2,7128500.0,20838,2025-02-08,1,7128500.0,100.0,7586,VTSX-BONGTPM-1,VTSX_Bóng Toàn Phần Mờ_SRO1281W2,2720.0,86.4,235008.0,235008.0,True,True,2026-03-06
48376,DDH-25020748463,2025-02-07,2,8094000.0,20858,2025-02-08,2,35568000.0,22.76,11007,GD2M350-DEAH-T16,Giấy Duplex_2 Mặt_Deahan_350_Tờ_QC_66x86_cm,2407.49999999996,4648.32,11190831.0,2546631.0,True,True,2025-01-17
48376,DDH-25020748463,2025-02-07,2,8094000.0,20858,2025-02-08,2,35568000.0,22.76,7587,VTSX-BONGTPN-1,VTSX_Bóng Toàn Phần Nhung_SRO764,14445.0,312.12,4508573.0,1025989.0,True,True,2025-11-04
48376,DDH-25020748463,2025-02-07,2,8094000.0,20858,2025-02-08,2,35568000.0,22.76,8530,VTSX-KEMIN-2,VTSX_Kẽm In_Offset Kodak Elecxd QC 80x103 cm,16.0,133100.0,2129600.0,484621.0,True,True,2026-03-06
48376,DDH-25020748463,2025-02-07,2,8094000.0,20858,2025-02-08,2,35568000.0,22.76,7586,VTSX-BONGTPM-1,VTSX_Bóng Toàn Phần Mờ_SRO1281W2,14445.0,86.4,1248048.0,284011.0,True,True,2026-03-06
48376,DDH-25020748463,2025-02-07,2,8094000.0,20858,2025-02-08,2,35568000.0,22.76,7585,VTSX-BONGTPL-2,VTSX_Bóng Toàn Phần Láng_SRO1250AD,14445.0,65.88,951637.0,216558.0,True,False,2026-02-05
48397,DDH-25020748484,2025-02-07,2,38665000.0,20841,2025-02-08,2,48611500.0,79.54,10914,GB300-STARL-FSCMIX-T1,Giấy Bristol_Starlux FSC Mix Credit_300_Tờ_QC_75x109_cm,857.14285714285,9686.52,8302732.0,6603893.0,True,True,2026-03-06
48397,DDH-25020748484,2025-02-07,2,38665000.0,20841,2025-02-08,2,48611500.0,79.54,8559,VTSX-BK2M-6,VTSX_Băng Keo 2 Mặt_DS33_Cuộn_Khổ_5.4_cm,891.42857142857,3120.12,2781364.0,2212263.0,True,True,2026-03-06
48397,DDH-25020748484,2025-02-07,2,38665000.0,20841,2025-02-08,2,48611500.0,79.54,8696,VTSX-BONGTPM-2,VTSX_Bóng Toàn Phần Mờ_MCHE000038,6857.1428571428,88.56,607268.0,483014.0,True,True,2026-03-06
48397,DDH-25020748484,2025-02-07,2,38665000.0,20841,2025-02-08,2,48611500.0,79.54,8530,VTSX-KEMIN-2,VTSX_Kẽm In_Offset Kodak Elecxd QC 80x103 cm,2.0,133100.0,266200.0,211732.0,True,True,2026-03-06
48397,DDH-25020748484,2025-02-07,2,38665000.0,20841,2025-02-08,2,48611500.0,79.54,7456,VTSX-TUIPE-9,VTSX_Túi PE_Trắng_QC_40x60_cm,19.9999999999997,1123.2,22464.0,17868.0,True,True,2026-03-14
48461,DDH-25020848548,2025-02-08,2,6708800.0,20885,2025-02-10,1,6708800.0,100.0,10762,GK350-KRAFT-SIAM-T1,Giấy Kraft_Thái_Siam_350_Tờ_QC_75x109_cm,175.10714285714,4694.76,822086.0,822086.0,True,True,2026-03-06
48461,DDH-25020848548,2025-02-08,2,6708800.0,20885,2025-02-10,1,6708800.0,100.0,8530,VTSX-KEMIN-2,VTSX_Kẽm In_Offset Kodak Elecxd QC 80x103 cm,3.0,133100.0,399300.0,399300.0,True,True,2026-03-06
48461,DDH-25020848548,2025-02-08,2,6708800.0,20885,2025-02-10,1,6708800.0,100.0,7586,VTSX-BONGTPM-1,VTSX_Bóng Toàn Phần Mờ_SRO1281W2,1400.8571428571,86.4,121034.0,121034.0,True,True,2026-03-06
48466,DDH-25020848553,2025-02-08,2,138600.0,20878,2025-02-10,2,195360.0,70.95,8451,VTSX-MIOS_UVHC-2,VTSX_Mực In Offset UV Hicure_Bóng_Láng,7.4133333333333,432.0,3203.0,2272.0,True,True,2026-03-06
48466,DDH-25020848553,2025-02-08,2,138600.0,20878,2025-02-10,2,195360.0,70.95,9606,DCRM-SYS082-C2,Decal Remove_SYS082_Cuộn_Khổ_11 cm_MSTI000596,15.7533333333331,0.0,0.0,0.0,False,True,
48579,DDH-25021048665,2025-02-10,2,237469.0,21002,2025-02-12,1,237469.0,100.0,9550,DCG-SW7325-T15,Decal Giấy_SW7325_Tờ QC_32x47_cm,8.9166666666667,1964.7775,17519.0,17519.0,True,True,2026-03-06
48643,DDH-25021148729,2025-02-11,2,1800000.0,20992,2025-02-12,1,1800000.0,100.0,8001,DCG-AW0331-C20,Decal Giấy_AW0331_Cuộn_Khổ_13_cm,168.33333333333,1447.3836,243643.0,243643.0,True,True,2026-03-06
48658,DDH-25021148744,2025-02-11,2,4304880.0,20984,2025-02-12,3,9117360.0,47.22,8883,VTSX-MIBC-7,VTSX_Mực In Barcode_N208_Cuộn_Khổ_11_cm,1907.0155,712.8,1359321.0,641821.0,True,True,2026-03-06
48665,DDH-25021148751,2025-02-11,2,299088.0,21052,2025-02-13,1,299088.0,100.0,9550,DCG-SW7325-T15,Decal Giấy_SW7325_Tờ QC_32x47_cm,20.672727272727,1964.7775,40617.0,40617.0,True,True,2026-03-06
48762,DDH-25021348848,2025-02-13,2,2100000.0,21070,2025-02-14,3,14550000.0,14.43,11008,GD2M350-DEAH-T17,Giấy Duplex_2 Mặt_Deahan_350_Tờ_QC_74x86_cm,1500.000000000003,5212.08,7818120.0,1128388.0,True,True,2025-01-17
48762,DDH-25021348848,2025-02-13,2,2100000.0,21070,2025-02-14,3,14550000.0,14.43,8530,VTSX-KEMIN-2,VTSX_Kẽm In_Offset Kodak Elecxd QC 80x103 cm,24.0,133100.0,3194400.0,461047.0,True,True,2026-03-06
48762,DDH-25021348848,2025-02-13,2,2100000.0,21070,2025-02-14,3,14550000.0,14.43,7587,VTSX-BONGTPN-1,VTSX_Bóng Toàn Phần Nhung_SRO764,6000.00000000006,312.12,1872720.0,270289.0,True,True,2025-11-04
48762,DDH-25021348848,2025-02-13,2,2100000.0,21070,2025-02-14,3,14550000.0,14.43,7586,VTSX-BONGTPM-1,VTSX_Bóng Toàn Phần Mờ_SRO1281W2,6000.00000000006,86.4,518400.0,74821.0,True,True,2026-03-06
48762,DDH-25021348848,2025-02-13,2,2100000.0,21070,2025-02-14,3,14550000.0,14.43,7585,VTSX-BONGTPL-2,VTSX_Bóng Toàn Phần Láng_SRO1250AD,6000.00000000006,65.88,395280.0,57051.0,True,False,2026-02-05
48894,DDH-25021448980,2025-02-14,2,200897.0,21146,2025-02-17,1,200897.0,100.0,10470,GB280-3ĐT-IND-T4,Giấy Bristol_3 Đồng Tiền Indo_280_Tờ_QC_79x109_cm,15.925,5760.0007,91728.0,91728.0,True,True,2026-03-06
49107,DDH-25021849193,2025-02-18,2,1201020.0,21210,2025-02-19,1,1201020.0,100.0,8530,VTSX-KEMIN-2,VTSX_Kẽm In_Offset Kodak Elecxd QC 80x103 cm,4.0,133100.0,532400.0,532400.0,True,True,2026-03-06
49107,DDH-25021849193,2025-02-18,2,1201020.0,21210,2025-02-19,1,1201020.0,100.0,7587,VTSX-BONGTPN-1,VTSX_Bóng Toàn Phần Nhung_SRO764,333.1,312.12,103967.0,103967.0,True,True,2025-11-04
49107,DDH-25021849193,2025-02-18,2,1201020.0,21210,2025-02-19,1,1201020.0,100.0,7586,VTSX-BONGTPM-1,VTSX_Bóng Toàn Phần Mờ_SRO1281W2,166.55,86.4,14390.0,14390.0,True,True,2026-03-06
49107,DDH-25021849193,2025-02-18,2,1201020.0,21210,2025-02-19,1,1201020.0,100.0,7585,VTSX-BONGTPL-2,VTSX_Bóng Toàn Phần Láng_SRO1250AD,166.55,65.88,10972.0,10972.0,True,False,2026-02-05
49107,DDH-25021849193,2025-02-18,2,1201020.0,21210,2025-02-19,1,1201020.0,100.0,10606,GD2M350-DEAH-T5,Giấy Duplex_2 Mặt_Deahan_350_Tờ_QC_39x54_cm,83.275,0.0,0.0,0.0,False,True,
49194,DDH-25021849280,2025-02-18,2,322800.0,21293,2025-02-20,1,322800.0,100.0,9550,DCG-SW7325-T15,Decal Giấy_SW7325_Tờ QC_32x47_cm,37.090909090909,1964.7775,72875.0,72875.0,True,True,2026-03-06
49211,DDH-25021849297,2025-02-18,2,2123616.0,21267,2025-02-20,2,6845256.0,31.02,7528,VTSX-MIBC-2,VTSX_Mực In Barcode_B110A_Cuộn_Khổ_8.2_cm,150.903,586.8,88550.0,27471.0,True,True,2026-03-06
49971,DDH-25030150057,2025-03-01,3,194400.0,21611,2025-03-03,1,194400.0,100.0,7525,VTSX-MIBC-4,VTSX_Mực In Barcode_D110A_Cuộn_Khổ_7_cm,24.672,867.6,21405.0,21405.0,True,True,2026-03-06
49971,DDH-25030150057,2025-03-01,3,194400.0,21611,2025-03-03,1,194400.0,100.0,7557,VTSX-DBG-5,VTSX_Dây Băng Giấy_NT7046A1_Mịn_Cuộn_Khổ_3_cm,49.344,349.92,17266.0,17266.0,True,True,2026-03-06
50236,DDH-25030750322,2025-03-07,3,186984.0,21845,2025-03-10,1,186984.0,100.0,8029,DCCN-MW0066-T1,Decal Cảm Nhiệt_MW0066_Tờ_QC_32x42_cm,6.8576923076923,1711.0518,11734.0,11734.0,True,True,2025-05-08
50375,DDH-25031050461,2025-03-10,3,688934.0,21878,2025-03-11,1,688934.0,100.0,7553,VTSX-DBG-8,VTSX_Dây Băng Giấy_Cuộn_Khổ_4.3_cm,98.784,343.98,33980.0,33980.0,True,True,2026-03-06
50527,DDH-25031150613,2025-03-11,3,2554369.0,21943,2025-03-13,6,22236408.0,11.49,8530,VTSX-KEMIN-2,VTSX_Kẽm In_Offset Kodak Elecxd QC 80x103 cm,12.0,133100.0,1597200.0,183476.0,True,True,2026-03-06
50527,DDH-25031150613,2025-03-11,3,2554369.0,21943,2025-03-13,6,22236408.0,11.49,8802,VTSX-BK2M-3,VTSX_Băng Keo 2 Mặt_DS33_Cuộn_Khổ_1.4_cm,1115.14357142857,808.92,902062.0,103623.0,True,True,2026-03-18
50527,DDH-25031150613,2025-03-11,3,2554369.0,21943,2025-03-13,6,22236408.0,11.49,7586,VTSX-BONGTPM-1,VTSX_Bóng Toàn Phần Mờ_SRO1281W2,1296.67857142857,86.4,112033.0,12870.0,True,True,2026-03-06
50527,DDH-25031150613,2025-03-11,3,2554369.0,21943,2025-03-13,6,22236408.0,11.49,10791,GC180-MORIM-T1,Giấy Couche_Morim_180_Tờ_QC_65x86_cm,324.169642857143,0.0,0.0,0.0,False,True,
50776,DDH-25031450862,2025-03-14,3,33213036.0,22031,2025-03-15,1,33213036.0,100.0,10917,GB350-STARL-FSCMIX-T2,Giấy Bristol_Starlux FSC Mix Credit_350_Tờ_QC_75x109_cm,199.55555555556,11182.32,2231494.0,2231494.0,True,True,2026-03-18
50776,DDH-25031450862,2025-03-14,3,33213036.0,22031,2025-03-15,1,33213036.0,100.0,7586,VTSX-BONGTPM-1,VTSX_Bóng Toàn Phần Mờ_SRO1281W2,1596.4444444444,86.4,137933.0,137933.0,True,True,2026-03-06
50776,DDH-25031450862,2025-03-14,3,33213036.0,22031,2025-03-15,1,33213036.0,100.0,8530,VTSX-KEMIN-2,VTSX_Kẽm In_Offset Kodak Elecxd QC 80x103 cm,1.0,133100.0,133100.0,133100.0,True,True,2026-03-06
50812,DDH-25031450898,2025-03-14,3,309016.0,22062,2025-03-17,1,309016.0,100.0,7556,VTSX-DBG-4,VTSX_Dây Băng Giấy_NT003_Mịn_Cuộn_Khổ_3_cm,75.68,239.76,18145.0,18145.0,True,True,2026-03-06
50877,DDH-25031550963,2025-03-15,3,2704598.0,22109,2025-03-18,2,5788653.0,46.72,10198,DCG-AW0331-T36,Decal Giấy_AW0331_Tờ_QC_32x47_cm,267.61616161617,1719.3427,460124.0,214981.0,True,True,2026-03-06
50971,DDH-25031851057,2025-03-18,3,0.0,22156,2025-03-20,1,0.0,100.0,10198,DCG-AW0331-T36,Decal Giấy_AW0331_Tờ_QC_32x47_cm,126.275,1719.3427,217110.0,217110.0,True,True,2026-03-06
50971,DDH-25031851057,2025-03-18,3,0.0,22156,2025-03-20,1,0.0,100.0,7586,VTSX-BONGTPM-1,VTSX_Bóng Toàn Phần Mờ_SRO1281W2,126.275,86.4,10910.0,10910.0,True,True,2026-03-06
50984,DDH-25031851070,2025-03-18,3,51120720.0,22127,2025-03-19,1,51120720.0,100.0,10469,GB280-3ĐT-IND-T3,Giấy Bristol_3 Đồng Tiền Indo_280_Tờ_QC_65x86_cm,3252.2222222222,3699.9979,12033215.0,12033215.0,True,True,2026-03-06
50984,DDH-25031851070,2025-03-18,3,51120720.0,22127,2025-03-19,1,51120720.0,100.0,8530,VTSX-KEMIN-2,VTSX_Kẽm In_Offset Kodak Elecxd QC 80x103 cm,1.0,133100.0,133100.0,133100.0,True,True,2026-03-06
50997,DDH-25031951083,2025-03-19,3,2500000.0,22190,2025-03-21,1,2500000.0,100.0,10824,GI250-NINBO-T1,Giấy Ivory_Ninbo_250_Tờ_QC_65x86_cm,156.25,2639.9995,412500.0,412500.0,True,True,2025-10-04
50997,DDH-25031951083,2025-03-19,3,2500000.0,22190,2025-03-21,1,2500000.0,100.0,7594,VTSX-KEO-1,VTSX_Keo_Cán Màng_Nước_102,156.25,37.3086,5829.0,5829.0,True,True,2026-02-05
51183,DDH-25032151269,2025-03-21,3,402840.0,22232,2025-03-22,1,402840.0,100.0,8530,VTSX-KEMIN-2,VTSX_Kẽm In_Offset Kodak Elecxd QC 80x103 cm,5.0,133100.0,665500.0,665500.0,True,True,2026-03-06
51183,DDH-25032151269,2025-03-21,3,402840.0,22232,2025-03-22,1,402840.0,100.0,10904,GB400-STARB-IPSUN-FSCMIX-T1,Giấy Bristol_Starblanc Ipsun FSC Mix Credit_400_Tờ_QC_75x109_cm,10.169642857143,11764.44,119640.0,119640.0,True,True,2026-03-14
51183,DDH-25032151269,2025-03-21,3,402840.0,22232,2025-03-22,1,402840.0,100.0,9548,VTSX-MNHIETM-13,VTSX_Màng Nhiệt_Keo Mờ_25K_Cuộn_Khổ_54.5_cm,30.508928571429,1324.35,40404.0,40404.0,True,True,2026-01-06
51203,DDH-25032151289,2025-03-21,3,1227875.0,22244,2025-03-22,1,1227875.0,100.0,10659,GC250-HAINAN-T2,Giấy Couche_Hainan_250_Tờ_QC_79x109_cm,47.03125,4860.0,228572.0,228572.0,True,True,2025-04-04
51243,DDH-25032251329,2025-03-22,3,270864.0,22287,2025-03-24,2,1122216.0,24.14,10199,VTSX-MIBC-17,VTSX_Mực In Barcode_N238_Cuộn_Khổ_11_cm,51.8265,712.8,36942.0,8917.0,True,True,2026-03-06
51267,DDH-25032251353,2025-03-22,3,5726340.0,22299,2025-03-25,2,7645680.0,74.9,10131,DCG-SW7325-C20,Decal Giấy_SW7325_Cuộn_Khổ_16_cm,327.193933333336,2042.496,668292.0,500527.0,True,True,2026-03-06
51408,DDH-25032551494,2025-03-25,3,391392.0,22406,2025-03-28,1,391392.0,100.0,9550,DCG-SW7325-T15,Decal Giấy_SW7325_Tờ QC_32x47_cm,33.281818181818,1964.7775,65391.0,65391.0,True,True,2026-03-06
51596,DDH-25032851682,2025-03-28,3,36596178.0,22424,2025-03-29,1,36596178.0,100.0,7528,VTSX-MIBC-2,VTSX_Mực In Barcode_B110A_Cuộn_Khổ_8.2_cm,752.004,586.8,441276.0,441276.0,True,True,2026-03-06
51641,DDH-25032951727,2025-03-29,3,3087000.0,22464,2025-03-31,4,17948700.0,17.2,10469,GB280-3ĐT-IND-T3,Giấy Bristol_3 Đồng Tiền Indo_280_Tờ_QC_65x86_cm,1063.13888888889,3699.9979,3933610.0,676542.0,True,True,2026-03-06
51641,DDH-25032951727,2025-03-29,3,3087000.0,22464,2025-03-31,4,17948700.0,17.2,8530,VTSX-KEMIN-2,VTSX_Kẽm In_Offset Kodak Elecxd QC 80x103 cm,4.0,133100.0,532400.0,91568.0,True,True,2026-03-06
51799,DDH-25040151885,2025-04-01,4,5000000.0,22567,2025-04-02,4,56500000.0,8.85,10569,GMT300-CREAM-U2S-T2,Giấy Mỹ Thuật_Cream_U2S_300_Tờ_QC_88.9x119.4_cm,525.912698412691,40076.64,21076814.0,1865205.0,True,True,2026-03-06
51799,DDH-25040151885,2025-04-01,4,5000000.0,22567,2025-04-02,4,56500000.0,8.85,8530,VTSX-KEMIN-2,VTSX_Kẽm In_Offset Kodak Elecxd QC 80x103 cm,20.0,133100.0,2662000.0,235575.0,True,True,2026-03-06
51799,DDH-25040151885,2025-04-01,4,5000000.0,22567,2025-04-02,4,56500000.0,8.85,7586,VTSX-BONGTPM-1,VTSX_Bóng Toàn Phần Mờ_SRO1281W2,8414.603174603166,86.4,727021.0,64338.0,True,True,2026-03-06
51811,DDH-25040151897,2025-04-01,4,135600.0,22612,2025-04-04,3,570408.0,23.77,7920,DCG-SW7325-T7,Decal Giấy_SW7325_Tờ_QC_39x54_cm,70.0909090909091,2836.7315,198829.0,47267.0,True,True,2024-07-10
51811,DDH-25040151897,2025-04-01,4,135600.0,22612,2025-04-04,3,570408.0,23.77,7921,DCG-SW7325-T6,Decal Giấy_SW7325_Tờ_QC_39x53_cm,70.0909090909091,0.0,0.0,0.0,False,True,
51915,DDH-25040352001,2025-04-03,4,3380100.0,22636,2025-04-05,2,3403200.0,99.32,10900,GB250-STARB-IPSUN-FSCMIX-T1,Giấy Bristol_Starblanc Ipsun FSC Mix Credit_250_Tờ_QC_75x109_cm,102.96666666666667,7020.0,722827.0,717921.0,True,True,2026-02-05
51915,DDH-25040352001,2025-04-03,4,3380100.0,22636,2025-04-05,2,3403200.0,99.32,8836,VTSX-BONGTPL-6,VTSX_Bóng Toàn Phần Láng_SRO_1504RHG,1647.466666666667,83.16,137004.0,136074.0,True,True,2026-03-06
51992,DDH-25040552078,2025-04-05,4,17386002.0,22689,2025-04-08,5,180276024.0,9.64,8500,DCG-SW7325-C6,Decal Giấy_SW7325_Cuộn_Khổ_10_cm,60227.255,1276.56,76883704.0,7414742.0,True,True,2026-03-06
52032,DDH-25040552118,2025-04-05,4,6759900.0,22706,2025-04-09,4,15939840.0,42.41,10612,GD2M350-DEAH-T11,Giấy Duplex_2 Mặt_Deahan_350_Tờ_QC_79x109_cm,499.999999999997,7052.4,3526200.0,1495420.0,True,True,2025-05-07
52032,DDH-25040552118,2025-04-05,4,6759900.0,22706,2025-04-09,4,15939840.0,42.41,8530,VTSX-KEMIN-2,VTSX_Kẽm In_Offset Kodak Elecxd QC 80x103 cm,24.0,133100.0,3194400.0,1354708.0,True,True,2026-03-06
52032,DDH-25040552118,2025-04-05,4,6759900.0,22706,2025-04-09,4,15939840.0,42.41,7587,VTSX-BONGTPN-1,VTSX_Bóng Toàn Phần Nhung_SRO764,4000.000000000041,312.12,1248480.0,529466.0,True,True,2025-11-04
52032,DDH-25040552118,2025-04-05,4,6759900.0,22706,2025-04-09,4,15939840.0,42.41,7586,VTSX-BONGTPM-1,VTSX_Bóng Toàn Phần Mờ_SRO1281W2,4000.000000000041,86.4,345601.0,146565.0,True,True,2026-03-06
52032,DDH-25040552118,2025-04-05,4,6759900.0,22706,2025-04-09,4,15939840.0,42.41,7585,VTSX-BONGTPL-2,VTSX_Bóng Toàn Phần Láng_SRO1250AD,4000.000000000041,65.88,263520.0,111756.0,True,False,2026-02-05
52032,DDH-25040552118,2025-04-05,4,6759900.0,22706,2025-04-09,4,15939840.0,42.41,7449,VTSX-TUIPE-13,VTSX_Túi PE_Trắng_QC_15x20_cm,468.0,124.8,58407.0,24770.0,True,True,2026-03-14
52472,DDH-25041452558,2025-04-14,4,1939210.0,22913,2025-04-15,1,1939210.0,100.0,8530,VTSX-KEMIN-2,VTSX_Kẽm In_Offset Kodak Elecxd QC 80x103 cm,4.0,133100.0,532400.0,532400.0,True,True,2026-03-06
52472,DDH-25041452558,2025-04-14,4,1939210.0,22913,2025-04-15,1,1939210.0,100.0,10539,GCHIP800-BBOI-WB-T3,Giấy Chipboard_Bìa Bồi_Wonbang_800_Tờ_QC_82x120_cm,2.1979166666667,10390.9997,22839.0,22839.0,True,True,2025-02-26
52472,DDH-25041452558,2025-04-14,4,1939210.0,22913,2025-04-15,1,1939210.0,100.0,10596,GD1M250-DEAH-T3,Giấy Duplex_1 Mặt_Deahan_250_Tờ_QC_79x109_cm,4.3958333333334,3530.52,15520.0,15520.0,True,True,2026-03-06
52472,DDH-25041452558,2025-04-14,4,1939210.0,22913,2025-04-15,1,1939210.0,100.0,7587,VTSX-BONGTPN-1,VTSX_Bóng Toàn Phần Nhung_SRO764,35.166666666667,312.12,10976.0,10976.0,True,True,2025-11-04
52472,DDH-25041452558,2025-04-14,4,1939210.0,22913,2025-04-15,1,1939210.0,100.0,7514,VTSX-MIOS-DIC-1,VTSX_Mực In Offset DIC_OS01213_Bóng Mờ,17.583333333333,181.5,3191.0,3191.0,True,True,2024-12-11
52472,DDH-25041452558,2025-04-14,4,1939210.0,22913,2025-04-15,1,1939210.0,100.0,10482,GC79.1-ALPHA-T1,Giấy Couche_Alpha_79.1_Tờ_QC_65x86_cm,2.453488372093,989.9993,2429.0,2429.0,True,True,2025-09-27
52472,DDH-25041452558,2025-04-14,4,1939210.0,22913,2025-04-15,1,1939210.0,100.0,7585,VTSX-BONGTPL-2,VTSX_Bóng Toàn Phần Láng_SRO1250AD,17.583333333333,65.88,1158.0,1158.0,True,False,2026-02-05
52540,DDH-25041552626,2025-04-15,4,1875960.0,22943,2025-04-16,2,3035880.0,61.79,8883,VTSX-MIBC-7,VTSX_Mực In Barcode_N208_Cuộn_Khổ_11_cm,652.2915,712.8,464953.0,287308.0,True,True,2026-03-06
52546,DDH-25041552632,2025-04-15,4,1552260.0,22938,2025-04-16,1,1552260.0,100.0,8530,VTSX-KEMIN-2,VTSX_Kẽm In_Offset Kodak Elecxd QC 80x103 cm,2.0,133100.0,266200.0,266200.0,True,True,2026-03-06
52546,DDH-25041552632,2025-04-15,4,1552260.0,22938,2025-04-16,1,1552260.0,100.0,10815,GB350-NINBO-T3,Giấy Bristol_Ninbo_350_Tờ_QC_75x108_cm,30.403846153846,6264.0,190450.0,190450.0,True,True,2025-12-04
52571,DDH-25041552657,2025-04-15,4,1374054.0,22958,2025-04-16,1,1374054.0,100.0,10118,DCG-SW7325-C18,Decal Giấy_SW7325_Cuộn_Khổ_17_cm,46.751033333333,2170.152,101457.0,101457.0,True,True,2025-12-27
52571,DDH-25041552657,2025-04-15,4,1374054.0,22958,2025-04-16,1,1374054.0,100.0,8126,VTSX-BKCMT-9,VTSX_Băng Keo Cán Màng_Trong_Cuộn_Khổ_16_cm,46.751033333333,473.472,22135.0,22135.0,True,True,2026-03-07
52658,DDH-25041652744,2025-04-16,4,345519.0,22997,2025-04-17,2,691038.0,50.0,8530,VTSX-KEMIN-2,VTSX_Kẽm In_Offset Kodak Elecxd QC 80x103 cm,8.0,133100.0,1064800.0,532400.0,True,True,2026-03-06
52658,DDH-25041652744,2025-04-16,4,345519.0,22997,2025-04-17,2,691038.0,50.0,10612,GD2M350-DEAH-T11,Giấy Duplex_2 Mặt_Deahan_350_Tờ_QC_79x109_cm,15.1309523809524,7052.4,106710.0,53355.0,True,True,2025-05-07
52658,DDH-25041652744,2025-04-16,4,345519.0,22997,2025-04-17,2,691038.0,50.0,7587,VTSX-BONGTPN-1,VTSX_Bóng Toàn Phần Nhung_SRO764,121.047619047619,312.12,37782.0,18891.0,True,True,2025-11-04
52658,DDH-25041652744,2025-04-16,4,345519.0,22997,2025-04-17,2,691038.0,50.0,7586,VTSX-BONGTPM-1,VTSX_Bóng Toàn Phần Mờ_SRO1281W2,60.523809523809,86.4,5230.0,2615.0,True,True,2026-03-06
52658,DDH-25041652744,2025-04-16,4,345519.0,22997,2025-04-17,2,691038.0,50.0,7585,VTSX-BONGTPL-2,VTSX_Bóng Toàn Phần Láng_SRO1250AD,60.523809523809,65.88,3987.0,1994.0,True,False,2026-02-05
52751,DDH-25041852837,2025-04-18,4,1897896.0,23056,2025-04-19,2,2168796.0,87.51,10199,VTSX-MIBC-17,VTSX_Mực In Barcode_N238_Cuộn_Khổ_11_cm,663.146,712.8,472690.0,413647.0,True,True,2026-03-06
52801,DDH-25041852887,2025-04-18,4,2294360.0,23105,2025-04-21,1,2294360.0,100.0,9550,DCG-SW7325-T15,Decal Giấy_SW7325_Tờ QC_32x47_cm,291.33333333333,1964.7775,572405.0,572405.0,True,True,2026-03-06
52852,DDH-25041952938,2025-04-19,4,810000.0,23108,2025-04-21,2,927450.0,87.34,7586,VTSX-BONGTPM-1,VTSX_Bóng Toàn Phần Mờ_SRO1281W2,143.85,86.4,12429.0,10855.0,True,True,2026-03-06
52852,DDH-25041952938,2025-04-19,4,810000.0,23108,2025-04-21,2,927450.0,87.34,10892,GI250-STARB-FSCMIX-T3,Giấy Ivory_Starblanc_FSC Mix Credit_250_Tờ_QC_67x97_cm,35.9625,0.0,0.0,0.0,False,True,
52986,DDH-25042253072,2025-04-22,4,4379958.0,23154,2025-04-23,2,6397974.0,68.46,7528,VTSX-MIBC-2,VTSX_Mực In Barcode_B110A_Cuộn_Khổ_8.2_cm,144.9495,586.8,85057.0,58229.0,True,True,2026-03-06
53089,DDH-25042353175,2025-04-23,4,760000.0,23274,2025-04-26,1,760000.0,100.0,7586,VTSX-BONGTPM-1,VTSX_Bóng Toàn Phần Mờ_SRO1281W2,98.9,86.4,8545.0,8545.0,True,True,2026-03-06
53118,DDH-25042453204,2025-04-24,4,1509300.0,23243,2025-04-25,1,1509300.0,100.0,10465,GB250-3ĐT-IND-T3,Giấy Bristol_3 Đồng Tiền Indo_250_Tờ_QC_65x86_cm,10.65625,3240.0,34526.0,34526.0,True,True,2026-01-06
53118,DDH-25042453204,2025-04-24,4,1509300.0,23243,2025-04-25,1,1509300.0,100.0,8836,VTSX-BONGTPL-6,VTSX_Bóng Toàn Phần Láng_SRO_1504RHG,341.0,83.16,28358.0,28358.0,True,True,2026-03-06
53229,DDH-25042653315,2025-04-26,4,2128875.0,23308,2025-04-28,1,2128875.0,100.0,8295,DCG-AW0339-C9,Decal Giấy_AW0339_Cuộn_Khổ_13_cm,383.19,1330.1496,509700.0,509700.0,True,True,2025-05-08
53229,DDH-25042653315,2025-04-26,4,2128875.0,23308,2025-04-28,1,2128875.0,100.0,7969,DCG-AW0339-C7,Decal Giấy_AW0339_Cuộn_Khổ_12_cm,383.19,1227.8304,470492.0,470492.0,True,True,2025-01-03
53576,DDH-25050553662,2025-05-05,5,63005580.0,23545,2025-05-07,2,71302956.0,88.36,8500,DCG-SW7325-C6,Decal Giấy_SW7325_Cuộn_Khổ_10_cm,35410.76,1276.56,45203959.0,39943669.0,True,True,2026-03-06
53614,DDH-25050553700,2025-05-05,5,21971300.0,23482,2025-05-06,2,25809683.0,85.13,11012,GD1M350-HANSON-T6,Giấy Duplex_1 Mặt_Hanson_350_Tờ_QC_89x65_cm,186.06666666667,3460.0003,643791.0,548047.0,True,True,2025-03-21
53614,DDH-25050553700,2025-05-05,5,21971300.0,23489,2025-05-06,1,21971300.0,100.0,10666,GD1M350-HANKUK-T1,Giấy Duplex_1 Mặt_Hankuk_350_Tờ_QC_79x109_cm,1138.0,5140.0008,5849321.0,5849321.0,True,True,2025-07-26
53614,DDH-25050553700,2025-05-05,5,21971300.0,23482,2025-05-06,2,25809683.0,85.13,11012,GD1M350-HANSON-T6,Giấy Duplex_1 Mặt_Hanson_350_Tờ_QC_89x65_cm,186.06666666667,3460.0003,643791.0,548047.0,True,True,2025-03-21
53614,DDH-25050553700,2025-05-05,5,21971300.0,23489,2025-05-06,1,21971300.0,100.0,10666,GD1M350-HANKUK-T1,Giấy Duplex_1 Mặt_Hankuk_350_Tờ_QC_79x109_cm,1138.0,5140.0008,5849321.0,5849321.0,True,True,2025-07-26
53779,DDH-25050853865,2025-05-08,5,277200.0,23631,2025-05-09,1,277200.0,100.0,9550,DCG-SW7325-T15,Decal Giấy_SW7325_Tờ QC_32x47_cm,31.840909090909,1964.7775,62560.0,62560.0,True,True,2026-03-06
54122,DDH-25051454208,2025-05-14,5,15944040.0,23778,2025-05-15,1,15944040.0,100.0,8884,VTSX-MIBC-9,VTSX_Mực In Barcode_N208_Cuộn_Khổ_9_cm,1785.504,579.6,1034878.0,1034878.0,True,True,2026-03-06
54124,DDH-25051454210,2025-05-14,5,3947238.0,23783,2025-05-15,1,3947238.0,100.0,11040,DCG-AW0331-C29,Decal Giấy_AW0331_Cuộn_Khổ_17_cm,178.53,1892.7324,337910.0,337910.0,True,True,2026-03-06
54325,DDH-25051754411,2025-05-17,5,785400.0,23872,2025-05-19,1,785400.0,100.0,8456,DCG-AW5209-T2,Decal Giấy_AW5209_Tờ_QC_32x44_cm,135.05714285714,2747.9485,371130.0,371130.0,True,True,2025-05-08
54442,DDH-25052054528,2025-05-20,5,2807350.0,23900,2025-05-21,2,2816450.0,99.68,8530,VTSX-KEMIN-2,VTSX_Kẽm In_Offset Kodak Elecxd QC 80x103 cm,8.0,133100.0,1064800.0,1061360.0,True,True,2026-03-06
54442,DDH-25052054528,2025-05-20,5,2807350.0,23900,2025-05-21,2,2816450.0,99.68,10539,GCHIP800-BBOI-WB-T3,Giấy Chipboard_Bìa Bồi_Wonbang_800_Tờ_QC_82x120_cm,32.65625,10390.9997,339331.0,338235.0,True,True,2025-02-26
54442,DDH-25052054528,2025-05-20,5,2807350.0,23900,2025-05-21,2,2816450.0,99.68,10596,GD1M250-DEAH-T3,Giấy Duplex_1 Mặt_Deahan_250_Tờ_QC_79x109_cm,65.3125,3530.52,230586.0,229841.0,True,True,2026-03-06
54442,DDH-25052054528,2025-05-20,5,2807350.0,23900,2025-05-21,2,2816450.0,99.68,7587,VTSX-BONGTPN-1,VTSX_Bóng Toàn Phần Nhung_SRO764,522.5,312.12,163083.0,162556.0,True,True,2025-11-04
54442,DDH-25052054528,2025-05-20,5,2807350.0,23900,2025-05-21,2,2816450.0,99.68,7514,VTSX-MIOS-DIC-1,VTSX_Mực In Offset DIC_OS01213_Bóng Mờ,261.25,181.5,47417.0,47264.0,True,True,2024-12-11
54442,DDH-25052054528,2025-05-20,5,2807350.0,23900,2025-05-21,2,2816450.0,99.68,10482,GC79.1-ALPHA-T1,Giấy Couche_Alpha_79.1_Tờ_QC_65x86_cm,36.45348837209333,989.9993,36089.0,35972.0,True,True,2025-09-27
54442,DDH-25052054528,2025-05-20,5,2807350.0,23900,2025-05-21,2,2816450.0,99.68,7585,VTSX-BONGTPL-2,VTSX_Bóng Toàn Phần Láng_SRO1250AD,261.25,65.88,17211.0,17155.0,True,False,2026-02-05
54503,DDH-25052154589,2025-05-21,5,161920.0,23968,2025-05-22,1,161920.0,100.0,7927,DCG-SW7325-C9,Decal Giấy_SW7325_Cuộn_Khổ_11_cm,133.324,1404.216,187216.0,187216.0,True,True,2026-03-06
54613,DDH-25052354699,2025-05-23,5,1502500.0,24010,2025-05-24,4,8010000.0,18.76,8530,VTSX-KEMIN-2,VTSX_Kẽm In_Offset Kodak Elecxd QC 80x103 cm,16.0,133100.0,2129600.0,399466.0,True,True,2026-03-06
54613,DDH-25052354699,2025-05-23,5,1502500.0,24010,2025-05-24,4,8010000.0,18.76,10612,GD2M350-DEAH-T11,Giấy Duplex_2 Mặt_Deahan_350_Tờ_QC_79x109_cm,191.666666666668,7052.4,1351710.0,253551.0,True,True,2025-05-07
54613,DDH-25052354699,2025-05-23,5,1502500.0,24010,2025-05-24,4,8010000.0,18.76,7587,VTSX-BONGTPN-1,VTSX_Bóng Toàn Phần Nhung_SRO764,1533.33333333334,312.12,478584.0,89772.0,True,True,2025-11-04
54613,DDH-25052354699,2025-05-23,5,1502500.0,24010,2025-05-24,4,8010000.0,18.76,7586,VTSX-BONGTPM-1,VTSX_Bóng Toàn Phần Mờ_SRO1281W2,766.66666666666,86.4,66240.0,12425.0,True,True,2026-03-06
54613,DDH-25052354699,2025-05-23,5,1502500.0,24010,2025-05-24,4,8010000.0,18.76,7585,VTSX-BONGTPL-2,VTSX_Bóng Toàn Phần Láng_SRO1250AD,766.66666666666,65.88,50508.0,9474.0,True,False,2026-02-05
54625,DDH-25052354711,2025-05-23,5,234370100.0,24048,2025-05-24,2,239433600.0,97.89,10914,GB300-STARL-FSCMIX-T1,Giấy Bristol_Starlux FSC Mix Credit_300_Tờ_QC_75x109_cm,7749.99999999996,9686.52,75070530.0,73482952.0,True,True,2026-03-06
54625,DDH-25052354711,2025-05-23,5,234370100.0,24048,2025-05-24,2,239433600.0,97.89,9218,VTSX-BK2M-5,VTSX_Băng Keo 2 Mặt_DS33_Cuộn_Khổ_2.8_cm,16120.00000000004,1617.84,26079581.0,25528055.0,True,False,2026-03-18
54625,DDH-25052354711,2025-05-23,5,234370100.0,24048,2025-05-24,2,239433600.0,97.89,8696,VTSX-BONGTPM-2,VTSX_Bóng Toàn Phần Mờ_MCHE000038,61999.9999999999,88.56,5490720.0,5374603.0,True,True,2026-03-06
54625,DDH-25052354711,2025-05-23,5,234370100.0,24048,2025-05-24,2,239433600.0,97.89,8530,VTSX-KEMIN-2,VTSX_Kẽm In_Offset Kodak Elecxd QC 80x103 cm,4.0,133100.0,532400.0,521141.0,True,True,2026-03-06
54625,DDH-25052354711,2025-05-23,5,234370100.0,24048,2025-05-24,2,239433600.0,97.89,7456,VTSX-TUIPE-9,VTSX_Túi PE_Trắng_QC_40x60_cm,180.8333333333326,1123.2,203112.0,198817.0,True,True,2026-03-14
54696,DDH-25052654782,2025-05-26,5,133476.0,24105,2025-05-28,2,203928.0,65.45,9550,DCG-SW7325-T15,Decal Giấy_SW7325_Tờ QC_32x47_cm,47.0,1964.7775,92344.0,60441.0,True,True,2026-03-06
54734,DDH-25052654820,2025-05-26,5,64702782.0,24089,2025-05-27,1,64702782.0,100.0,10917,GB350-STARL-FSCMIX-T2,Giấy Bristol_Starlux FSC Mix Credit_350_Tờ_QC_75x109_cm,1000.0,11182.32,11182320.0,11182320.0,True,True,2026-03-18
54734,DDH-25052654820,2025-05-26,5,64702782.0,24089,2025-05-27,1,64702782.0,100.0,7587,VTSX-BONGTPN-1,VTSX_Bóng Toàn Phần Nhung_SRO764,16000.0,312.12,4993920.0,4993920.0,True,True,2025-11-04
54734,DDH-25052654820,2025-05-26,5,64702782.0,24089,2025-05-27,1,64702782.0,100.0,8530,VTSX-KEMIN-2,VTSX_Kẽm In_Offset Kodak Elecxd QC 80x103 cm,4.0,133100.0,532400.0,532400.0,True,True,2026-03-06
54734,DDH-25052654820,2025-05-26,5,64702782.0,24089,2025-05-27,1,64702782.0,100.0,7585,VTSX-BONGTPL-2,VTSX_Bóng Toàn Phần Láng_SRO1250AD,8000.0,65.88,527040.0,527040.0,True,False,2026-02-05
54734,DDH-25052654820,2025-05-26,5,64702782.0,24089,2025-05-27,1,64702782.0,100.0,7456,VTSX-TUIPE-9,VTSX_Túi PE_Trắng_QC_40x60_cm,48.0,1123.2,53913.0,53913.0,True,True,2026-03-14
54807,DDH-25052854893,2025-05-28,5,290352.0,24143,2025-05-29,1,290352.0,100.0,9550,DCG-SW7325-T15,Decal Giấy_SW7325_Tờ QC_32x47_cm,11.387755102041,1964.7775,22374.0,22374.0,True,True,2026-03-06
54847,DDH-25052854933,2025-05-28,5,2433288.0,24134,2025-05-29,1,2433288.0,100.0,8883,VTSX-MIBC-7,VTSX_Mực In Barcode_N208_Cuộn_Khổ_11_cm,759.208,712.8,541163.0,541163.0,True,True,2026-03-06
54861,DDH-25052954947,2025-05-29,5,132000.0,24175,2025-05-30,1,132000.0,100.0,8001,DCG-AW0331-C20,Decal Giấy_AW0331_Cuộn_Khổ_13_cm,27.0,1447.3836,39079.0,39079.0,True,True,2026-03-06
54923,DDH-25052955009,2025-05-29,5,30338154.0,24164,2025-05-30,9,56595294.0,53.61,10469,GB280-3ĐT-IND-T3,Giấy Bristol_3 Đồng Tiền Indo_280_Tờ_QC_65x86_cm,3600.50000000002,3699.9979,13321844.0,7141233.0,True,True,2026-03-06
54923,DDH-25052955009,2025-05-29,5,30338154.0,24164,2025-05-30,9,56595294.0,53.61,8530,VTSX-KEMIN-2,VTSX_Kẽm In_Offset Kodak Elecxd QC 80x103 cm,9.0,133100.0,1197900.0,642140.0,True,True,2026-03-06
55277,DDH-25060455363,2025-06-04,6,1153620.0,24334,2025-06-06,1,1153620.0,100.0,7960,DCG-AW0339-T5,Decal Giấy_AW0339_Tờ_QC_32.5x42.5_cm,58.633333333333,0.0,0.0,0.0,False,True,
55327,DDH-25060555413,2025-06-05,6,5932050.0,24352,2025-06-06,2,5963645.0,99.47,8530,VTSX-KEMIN-2,VTSX_Kẽm In_Offset Kodak Elecxd QC 80x103 cm,10.0,133100.0,1331000.0,1323948.0,True,True,2026-03-06
55327,DDH-25060555413,2025-06-05,6,5932050.0,24352,2025-06-06,2,5963645.0,99.47,10900,GB250-STARB-IPSUN-FSCMIX-T1,Giấy Bristol_Starblanc Ipsun FSC Mix Credit_250_Tờ_QC_75x109_cm,106.6250000000019,7020.0,748508.0,744542.0,True,True,2026-02-05
55327,DDH-25060555413,2025-06-05,6,5932050.0,24352,2025-06-06,2,5963645.0,99.47,7586,VTSX-BONGTPM-1,VTSX_Bóng Toàn Phần Mờ_SRO1281W2,852.9999999999952,86.4,73699.0,73309.0,True,True,2026-03-06
55327,DDH-25060555413,2025-06-05,6,5932050.0,24352,2025-06-06,2,5963645.0,99.47,7585,VTSX-BONGTPL-2,VTSX_Bóng Toàn Phần Láng_SRO1250AD,852.9999999999952,65.88,56195.0,55897.0,True,False,2026-02-05
55327,DDH-25060555413,2025-06-05,6,5932050.0,24352,2025-06-06,2,5963645.0,99.47,7594,VTSX-KEO-1,VTSX_Keo_Cán Màng_Nước_102,852.9999999999952,37.3086,31824.0,31655.0,True,True,2026-02-05
55327,DDH-25060555413,2025-06-05,6,5932050.0,24352,2025-06-06,2,5963645.0,99.47,7454,VTSX-TUIPE-7,VTSX_Túi PE_Trắng_QC_30x40_cm,7.463750000000033,342.0,2553.0,2539.0,True,False,2026-03-06
55379,DDH-25060655465,2025-06-06,6,824040.0,24366,2025-06-09,6,7846920.0,10.5,10131,DCG-SW7325-C20,Decal Giấy_SW7325_Cuộn_Khổ_16_cm,516.65875,2042.496,1055273.0,110819.0,True,True,2026-03-06
55409,DDH-25060955495,2025-06-09,6,3190542.0,24403,2025-06-10,1,3190542.0,100.0,8078,DCG-SW7325-C12,Decal Giấy_SW7325_Cuộn_Khổ_13_cm,262.593749999997,1659.528,435782.0,435782.0,True,True,2026-03-06
55431,DDH-25060955517,2025-06-09,6,575600.0,24399,2025-06-10,1,575600.0,100.0,8694,DCXI-XI18V2-C2,Decal Xi_18_V2_Vàng_Cuộn_Khổ_12.2_cm,7.86,2246.508,17658.0,17658.0,True,True,2025-06-03
55431,DDH-25060955517,2025-06-09,6,575600.0,24399,2025-06-10,1,575600.0,100.0,8084,VTSX-BKCMT-5,VTSX_Băng Keo Cán Màng_Trong_Cuộn_Khổ_11.5_cm,7.86,362.043,2846.0,2846.0,True,True,2025-05-08
55574,DDH-25061055660,2025-06-10,6,3400000.0,24447,2025-06-11,1,3400000.0,100.0,10109,DCG-DLA1P-T4,Decal Giấy_DLA1P_Mặt Nhám Đế Trắng_Tờ_QC_21x30_cm,2020.0,612.36,1236967.0,1236967.0,True,True,2026-03-14
55720,DDH-25061355806,2025-06-13,6,1800000.0,24534,2025-06-14,5,9000000.0,20.0,8001,DCG-AW0331-C20,Decal Giấy_AW0331_Cuộn_Khổ_13_cm,1016.55,1447.3836,1471337.0,294267.0,True,True,2026-03-06
55822,DDH-25061355908,2025-06-13,6,700000.0,24552,2025-06-14,5,76050000.0,0.92,10608,GD2M350-DEAH-T7,Giấy Duplex_2 Mặt_Deahan_350_Tờ_QC_65x86_cm,2664.518518518501,4578.12,12198485.0,112281.0,True,True,2025-09-05
55822,DDH-25061355908,2025-06-13,6,700000.0,24552,2025-06-14,5,76050000.0,0.92,7587,VTSX-BONGTPN-1,VTSX_Bóng Toàn Phần Nhung_SRO764,10658.07407407414,312.12,3326598.0,30620.0,True,True,2025-11-04
55822,DDH-25061355908,2025-06-13,6,700000.0,24552,2025-06-14,5,76050000.0,0.92,8530,VTSX-KEMIN-2,VTSX_Kẽm In_Offset Kodak Elecxd QC 80x103 cm,20.0,133100.0,2662000.0,24502.0,True,True,2026-03-06
55822,DDH-25061355908,2025-06-13,6,700000.0,24552,2025-06-14,5,76050000.0,0.92,7586,VTSX-BONGTPM-1,VTSX_Bóng Toàn Phần Mờ_SRO1281W2,10658.07407407414,86.4,920857.0,8476.0,True,True,2026-03-06
55822,DDH-25061355908,2025-06-13,6,700000.0,24552,2025-06-14,5,76050000.0,0.92,7585,VTSX-BONGTPL-2,VTSX_Bóng Toàn Phần Láng_SRO1250AD,10658.07407407414,65.88,702154.0,6463.0,True,False,2026-02-05
55909,DDH-25061455995,2025-06-14,6,311000.0,24557,2025-06-16,2,488000.0,63.73,8530,VTSX-KEMIN-2,VTSX_Kẽm In_Offset Kodak Elecxd QC 80x103 cm,8.0,133100.0,1064800.0,678592.0,True,True,2026-03-06
55909,DDH-25061455995,2025-06-14,6,311000.0,24557,2025-06-16,2,488000.0,63.73,10608,GD2M350-DEAH-T7,Giấy Duplex_2 Mặt_Deahan_350_Tờ_QC_65x86_cm,19.1666666666666,4578.12,87747.0,55921.0,True,True,2025-09-05
55909,DDH-25061455995,2025-06-14,6,311000.0,24557,2025-06-16,2,488000.0,63.73,7587,VTSX-BONGTPN-1,VTSX_Bóng Toàn Phần Nhung_SRO764,76.666666666666,312.12,23929.0,15250.0,True,True,2025-11-04
55909,DDH-25061455995,2025-06-14,6,311000.0,24557,2025-06-16,2,488000.0,63.73,7586,VTSX-BONGTPM-1,VTSX_Bóng Toàn Phần Mờ_SRO1281W2,76.666666666666,86.4,6624.0,4221.0,True,True,2026-03-06
55909,DDH-25061455995,2025-06-14,6,311000.0,24557,2025-06-16,2,488000.0,63.73,7585,VTSX-BONGTPL-2,VTSX_Bóng Toàn Phần Láng_SRO1250AD,76.666666666666,65.88,5051.0,3219.0,True,False,2026-02-05
55923,DDH-25061456009,2025-06-14,6,6153000.0,24595,2025-06-17,4,10155000.0,60.59,10900,GB250-STARB-IPSUN-FSCMIX-T1,Giấy Bristol_Starblanc Ipsun FSC Mix Credit_250_Tờ_QC_75x109_cm,188.17708333333633,7020.0,1321002.0,800406.0,True,True,2026-02-05
55923,DDH-25061456009,2025-06-14,6,6153000.0,24595,2025-06-17,4,10155000.0,60.59,8530,VTSX-KEMIN-2,VTSX_Kẽm In_Offset Kodak Elecxd QC 80x103 cm,4.0,133100.0,532400.0,322586.0,True,True,2026-03-06
55923,DDH-25061456009,2025-06-14,6,6153000.0,24595,2025-06-17,4,10155000.0,60.59,8836,VTSX-BONGTPL-6,VTSX_Bóng Toàn Phần Láng_SRO_1504RHG,1505.4166666666667,83.16,125191.0,75854.0,True,True,2026-03-06
55923,DDH-25061456009,2025-06-14,6,6153000.0,24595,2025-06-17,4,10155000.0,60.59,7594,VTSX-KEO-1,VTSX_Keo_Cán Màng_Nước_102,752.7083333333334,37.3086,28083.0,17016.0,True,True,2026-02-05
55923,DDH-25061456009,2025-06-14,6,6153000.0,24595,2025-06-17,4,10155000.0,60.59,7454,VTSX-TUIPE-7,VTSX_Túi PE_Trắng_QC_30x40_cm,15.054166666666667,342.0,5149.0,3120.0,True,False,2026-03-06
55980,DDH-25061756066,2025-06-17,6,225000.0,24610,2025-06-17,2,675000.0,33.33,8148,DCG-AW0339-C5,Decal Giấy_AW0339_Cuộn_Khổ_11_cm,107.733333333333,1125.5112,121255.0,40418.0,True,True,2024-12-12
56159,DDH-25062056245,2025-06-20,6,69324.0,24729,2025-06-21,1,69324.0,100.0,9550,DCG-SW7325-T15,Decal Giấy_SW7325_Tờ QC_32x47_cm,6.0181818181818,1964.7775,11824.0,11824.0,True,True,2026-03-06
56256,DDH-25062456342,2025-06-24,6,244800.0,24794,2025-06-25,2,608400.0,40.24,8883,VTSX-MIBC-7,VTSX_Mực In Barcode_N208_Cuộn_Khổ_11_cm,89.483,712.8,63784.0,25665.0,True,True,2026-03-06
56257,DDH-25062456343,2025-06-24,6,1169820.0,24806,2025-06-25,1,1169820.0,100.0,10220,DCG-SW7325-T20,Decal Giấy_SW7325_Tờ_QC_47x65_cm,43.9,3990.9542,175203.0,175203.0,True,True,2026-02-26
56599,DDH-25062856685,2025-06-28,6,29480.0,24922,2025-06-30,1,29480.0,100.0,7960,DCG-AW0339-T5,Decal Giấy_AW0339_Tờ_QC_32.5x42.5_cm,7.6111111111111,0.0,0.0,0.0,False,True,
56669,DDH-25063056755,2025-06-30,6,5920800.0,24970,2025-07-02,4,7194900.0,82.29,10884,GB350-STARB-FSCMIX-T3,Giấy Bristol_Starblanc FSC Mix Credit_350_Tờ_QC_75x109_cm,260.4479166666636,9271.8,2414821.0,1987195.0,True,True,2025-07-04
56669,DDH-25063056755,2025-06-30,6,5920800.0,24970,2025-07-02,4,7194900.0,82.29,8530,VTSX-KEMIN-2,VTSX_Kẽm In_Offset Kodak Elecxd QC 80x103 cm,8.0,133100.0,1064800.0,876241.0,True,True,2026-03-06
56669,DDH-25063056755,2025-06-30,6,5920800.0,24970,2025-07-02,4,7194900.0,82.29,8836,VTSX-BONGTPL-6,VTSX_Bóng Toàn Phần Láng_SRO_1504RHG,1041.791666666666,83.16,86635.0,71293.0,True,True,2026-03-06
56688,DDH-25063056774,2025-06-30,6,2242962.0,24945,2025-06-30,7,32850180.0,6.83,10917,GB350-STARL-FSCMIX-T2,Giấy Bristol_Starlux FSC Mix Credit_350_Tờ_QC_75x109_cm,436.666666666669,11182.32,4882947.0,333400.0,True,True,2026-03-18
56688,DDH-25063056774,2025-06-30,6,2242962.0,24945,2025-06-30,7,32850180.0,6.83,7587,VTSX-BONGTPN-1,VTSX_Bóng Toàn Phần Nhung_SRO764,6986.66666666669,312.12,2180679.0,148894.0,True,True,2025-11-04
56688,DDH-25063056774,2025-06-30,6,2242962.0,24945,2025-06-30,7,32850180.0,6.83,8530,VTSX-KEMIN-2,VTSX_Kẽm In_Offset Kodak Elecxd QC 80x103 cm,14.0,133100.0,1863400.0,127230.0,True,True,2026-03-06
56688,DDH-25063056774,2025-06-30,6,2242962.0,24945,2025-06-30,7,32850180.0,6.83,7586,VTSX-BONGTPM-1,VTSX_Bóng Toàn Phần Mờ_SRO1281W2,3493.33333333331,86.4,301824.0,20608.0,True,True,2026-03-06
56688,DDH-25063056774,2025-06-30,6,2242962.0,24945,2025-06-30,7,32850180.0,6.83,7585,VTSX-BONGTPL-2,VTSX_Bóng Toàn Phần Láng_SRO1250AD,3493.33333333331,65.88,230142.0,15714.0,True,False,2026-02-05
56736,DDH-25070156822,2025-07-01,7,3640600.0,24980,2025-07-02,4,11356440.0,32.06,10131,DCG-SW7325-C20,Decal Giấy_SW7325_Cuộn_Khổ_16_cm,863.265,2042.496,1763214.0,565244.0,True,True,2026-03-06
56741,DDH-25070156827,2025-07-01,7,413700.0,25000,2025-07-02,2,435000.0,95.1,8530,VTSX-KEMIN-2,VTSX_Kẽm In_Offset Kodak Elecxd QC 80x103 cm,4.0,133100.0,532400.0,506331.0,True,True,2026-03-06
56741,DDH-25070156827,2025-07-01,7,413700.0,25000,2025-07-02,2,435000.0,95.1,10884,GB350-STARB-FSCMIX-T3,Giấy Bristol_Starblanc FSC Mix Credit_350_Tờ_QC_75x109_cm,18.29166666666633,9271.8,169596.0,161292.0,True,True,2025-07-04
56741,DDH-25070156827,2025-07-01,7,413700.0,25000,2025-07-02,2,435000.0,95.1,8836,VTSX-BONGTPL-6,VTSX_Bóng Toàn Phần Láng_SRO_1504RHG,73.1666666666663,83.16,6085.0,5787.0,True,True,2026-03-06
56770,DDH-25070256856,2025-07-02,7,73530.0,25016,2025-07-03,2,593940.0,12.38,9550,DCG-SW7325-T15,Decal Giấy_SW7325_Tờ QC_32x47_cm,65.8125,1964.7775,129307.0,16008.0,True,True,2026-03-06
56838,DDH-25070356924,2025-07-03,7,1320000.0,25054,2025-07-04,2,2640000.0,50.0,10917,GB350-STARL-FSCMIX-T2,Giấy Bristol_Starlux FSC Mix Credit_350_Tờ_QC_75x109_cm,72.5,11182.32,810718.0,405359.0,True,True,2026-03-18
56838,DDH-25070356924,2025-07-03,7,1320000.0,25054,2025-07-04,2,2640000.0,50.0,8530,VTSX-KEMIN-2,VTSX_Kẽm In_Offset Kodak Elecxd QC 80x103 cm,4.0,133100.0,532400.0,266200.0,True,True,2026-03-06
56838,DDH-25070356924,2025-07-03,7,1320000.0,25054,2025-07-04,2,2640000.0,50.0,7586,VTSX-BONGTPM-1,VTSX_Bóng Toàn Phần Mờ_SRO1281W2,1160.0,86.4,100224.0,50112.0,True,True,2026-03-06
57013,DDH-25070757099,2025-07-07,7,1381680.0,25134,2025-07-08,1,1381680.0,100.0,11352,VTSX-MIBC-19,VTSX_Mực In Barcode_N208_Cuộn_Khổ_10_cm,229.5795,648.0,148768.0,148768.0,True,True,2026-03-06
57300,DDH-25071157386,2025-07-11,7,5377070.0,25292,2025-07-12,1,5377070.0,100.0,10673,GD1M350-HANSON-T4,Giấy Duplex_1 Mặt_Hanson_350_Tờ_QC_65x86_cm,279.35714285714,3395.9995,948697.0,948697.0,True,True,2026-03-06
57305,DDH-25071157391,2025-07-11,7,1167902.0,25294,2025-07-12,1,1167902.0,100.0,10673,GD1M350-HANSON-T4,Giấy Duplex_1 Mặt_Hanson_350_Tờ_QC_65x86_cm,84.9,3395.9995,288320.0,288320.0,True,True,2026-03-06
57404,DDH-25071457490,2025-07-14,7,35551128.0,25336,2025-07-15,1,35551128.0,100.0,10642,GC100-HAINAN-T1,Giấy Couche_Hainan_100_Tờ_QC_65x86_cm,1855.7214285714,1280.0009,2375325.0,2375325.0,True,True,2026-03-06
57404,DDH-25071457490,2025-07-14,7,35551128.0,25336,2025-07-15,1,35551128.0,100.0,8530,VTSX-KEMIN-2,VTSX_Kẽm In_Offset Kodak Elecxd QC 80x103 cm,2.0,133100.0,266200.0,266200.0,True,True,2026-03-06
57548,DDH-25071657634,2025-07-16,7,478572.0,25397,2025-07-17,1,478572.0,100.0,8402,DCG-SW7325-C14,Decal Giấy_SW7325_Cuộn_Khổ_15_cm,52.157697916667,1914.84,99874.0,99874.0,True,True,2026-02-05
57563,DDH-25071657649,2025-07-16,7,15120.0,25410,2025-07-17,1,15120.0,100.0,9550,DCG-SW7325-T15,Decal Giấy_SW7325_Tờ QC_32x47_cm,0.79192546583851,1964.7775,1556.0,1556.0,True,True,2026-03-06
57792,DDH-25071857878,2025-07-18,7,859320.0,25517,2025-07-21,1,859320.0,100.0,9550,DCG-SW7325-T15,Decal Giấy_SW7325_Tờ QC_32x47_cm,199.75,1964.7775,392464.0,392464.0,True,True,2026-03-06
57813,DDH-25071857899,2025-07-18,7,1900000.0,25483,2025-07-19,1,1900000.0,100.0,10475,GB350-3ĐT-IND-T2,Giấy Bristol_3 Đồng Tiền Indo_350_Tờ_QC_79x109_cm,16.915909090909,7320.0002,123824.0,123824.0,True,True,2026-03-06
57813,DDH-25071857899,2025-07-18,7,1900000.0,25483,2025-07-19,1,1900000.0,100.0,7547,VTSX-MNHIETL-13,VTSX_Màng Nhiệt_Keo Láng_17K_Cuộn_Khổ_54_cm,53.183618181818,598.9464,31854.0,31854.0,True,True,2024-11-12
58045,DDH-25072258131,2025-07-22,7,11232550.0,25573,2025-07-23,1,11232550.0,100.0,10914,GB300-STARL-FSCMIX-T1,Giấy Bristol_Starlux FSC Mix Credit_300_Tờ_QC_75x109_cm,201.42857142857,9686.52,1951142.0,1951142.0,True,True,2026-03-06
58045,DDH-25072258131,2025-07-22,7,11232550.0,25573,2025-07-23,1,11232550.0,100.0,9218,VTSX-BK2M-5,VTSX_Băng Keo 2 Mặt_DS33_Cuộn_Khổ_2.8_cm,209.48571428571,1617.84,338914.0,338914.0,True,False,2026-03-18
58045,DDH-25072258131,2025-07-22,7,11232550.0,25573,2025-07-23,1,11232550.0,100.0,8696,VTSX-BONGTPM-2,VTSX_Bóng Toàn Phần Mờ_MCHE000038,1611.4285714286,88.56,142708.0,142708.0,True,True,2026-03-06
58045,DDH-25072258131,2025-07-22,7,11232550.0,25573,2025-07-23,1,11232550.0,100.0,8530,VTSX-KEMIN-2,VTSX_Kẽm In_Offset Kodak Elecxd QC 80x103 cm,1.0,133100.0,133100.0,133100.0,True,True,2026-03-06
58117,DDH-25072358203,2025-07-23,7,702050.0,25661,2025-07-25,2,1825710.0,38.45,10294,DCG-AW5209-T4,Decal Giấy_AW5209_Tờ_QC_32x47_cm,176.727272727268,2935.3087,518749.0,199477.0,True,True,2025-12-04
58228,DDH-25072458314,2025-07-24,7,15665496.0,25735,2025-07-26,1,15665496.0,100.0,11451,VTSX-MIBC-20,VTSX_Mực In Barcode_N238_Cuộn_Khổ_8.2_cm,302.373,529.2,160016.0,160016.0,True,False,2026-02-05
58286,DDH-25072558372,2025-07-25,7,87875000.0,25703,2025-07-26,2,144970000.0,60.62,10914,GB300-STARL-FSCMIX-T1,Giấy Bristol_Starlux FSC Mix Credit_300_Tờ_QC_75x109_cm,2727.1428571428,9686.52,26416524.0,16012637.0,True,True,2026-03-06
58286,DDH-25072558372,2025-07-25,7,87875000.0,25703,2025-07-26,2,144970000.0,60.62,8559,VTSX-BK2M-6,VTSX_Băng Keo 2 Mặt_DS33_Cuộn_Khổ_5.4_cm,2836.2285714285,3120.12,8849373.0,5364135.0,True,True,2026-03-06
58286,DDH-25072558372,2025-07-25,7,87875000.0,25703,2025-07-26,2,144970000.0,60.62,8696,VTSX-BONGTPM-2,VTSX_Bóng Toàn Phần Mờ_MCHE000038,21817.1428571427,88.56,1932126.0,1171177.0,True,True,2026-03-06
58286,DDH-25072558372,2025-07-25,7,87875000.0,25703,2025-07-26,2,144970000.0,60.62,7456,VTSX-TUIPE-9,VTSX_Túi PE_Trắng_QC_40x60_cm,63.633333333334,1123.2,71473.0,43324.0,True,True,2026-03-14
58329,DDH-25072658415,2025-07-26,7,215784.0,25769,2025-07-28,2,366120.0,58.94,9550,DCG-SW7325-T15,Decal Giấy_SW7325_Tờ QC_32x47_cm,32.324074074075,1964.7775,63510.0,37432.0,True,True,2026-03-06
58829,DDH-25080558915,2025-08-05,8,1009416.0,26028,2025-08-06,2,1702056.0,59.31,9550,DCG-SW7325-T15,Decal Giấy_SW7325_Tờ QC_32x47_cm,37.928571428571,1964.7775,74521.0,44195.0,True,True,2026-03-06
58843,DDH-25080558929,2025-08-05,8,9299950.0,26056,2025-08-07,6,73214120.0,12.7,8530,VTSX-KEMIN-2,VTSX_Kẽm In_Offset Kodak Elecxd QC 80x103 cm,36.0,133100.0,4791600.0,608648.0,True,True,2026-03-06
58843,DDH-25080558929,2025-08-05,8,9299950.0,26056,2025-08-07,6,73214120.0,12.7,7586,VTSX-BONGTPM-1,VTSX_Bóng Toàn Phần Mờ_SRO1281W2,2265.246753246719,86.4,195717.0,24861.0,True,True,2026-03-06
59082,DDH-25080959167,2025-08-09,8,859740.0,26173,2025-08-11,1,859740.0,100.0,7552,VTSX-DBG-7,VTSX_Dây Băng Giấy_Cuộn_Khổ_3.5_cm,145.08,279.72,40582.0,40582.0,True,True,2026-02-05
59084,DDH-25080959169,2025-08-09,8,2047744.0,26217,2025-08-12,4,2853538.0,71.76,8530,VTSX-KEMIN-2,VTSX_Kẽm In_Offset Kodak Elecxd QC 80x103 cm,20.0,133100.0,2662000.0,1910293.0,True,True,2026-03-06
59084,DDH-25080959169,2025-08-09,8,2047744.0,26217,2025-08-12,4,2853538.0,71.76,10886,GB400-STARB-FSCMIX-T1,Giấy Bristol_Starblanc FSC Mix Credit_400_Tờ_QC_75x109_cm,39.291666666667,10650.96,418494.0,300318.0,True,True,2025-07-04
59084,DDH-25080959169,2025-08-09,8,2047744.0,26217,2025-08-12,4,2853538.0,71.76,7587,VTSX-BONGTPN-1,VTSX_Bóng Toàn Phần Nhung_SRO764,1257.33333333333,312.12,392440.0,281621.0,True,True,2025-11-04
59084,DDH-25080959169,2025-08-09,8,2047744.0,26217,2025-08-12,4,2853538.0,71.76,7585,VTSX-BONGTPL-2,VTSX_Bóng Toàn Phần Láng_SRO1250AD,628.66666666667,65.88,41417.0,29721.0,True,False,2026-02-05
59107,DDH-25080959192,2025-08-09,8,459000.0,26182,2025-08-11,1,459000.0,100.0,7978,DCG-AW0331-T18,Decal Giấy_AW0331_Tờ_QC_42.5x56.5_cm,60.56,2745.061,166241.0,166241.0,True,True,2025-12-04
59110,DDH-25080959195,2025-08-09,8,467800.0,26172,2025-08-11,7,7395640.0,6.33,10131,DCG-SW7325-C20,Decal Giấy_SW7325_Cuộn_Khổ_16_cm,551.9,2042.496,1127254.0,71303.0,True,True,2026-03-06
59351,DDH-25081259436,2025-08-12,8,5000000.0,26250,2025-08-13,5,14000000.0,35.71,10569,GMT300-CREAM-U2S-T2,Giấy Mỹ Thuật_Cream_U2S_300_Tờ_QC_88.9x119.4_cm,170.7936507936512,40076.64,6844837.0,2444585.0,True,True,2026-03-06
59351,DDH-25081259436,2025-08-12,8,5000000.0,26250,2025-08-13,5,14000000.0,35.71,8530,VTSX-KEMIN-2,VTSX_Kẽm In_Offset Kodak Elecxd QC 80x103 cm,32.0,133100.0,4259200.0,1521143.0,True,True,2026-03-06
59351,DDH-25081259436,2025-08-12,8,5000000.0,26250,2025-08-13,5,14000000.0,35.71,7586,VTSX-BONGTPM-1,VTSX_Bóng Toàn Phần Mờ_SRO1281W2,2732.698412698369,86.4,236104.0,84323.0,True,True,2026-03-06
59389,DDH-25081359474,2025-08-13,8,122292.0,26373,2025-08-16,2,1258308.0,9.72,9550,DCG-SW7325-T15,Decal Giấy_SW7325_Tờ QC_32x47_cm,298.477272727272,1964.7775,586441.0,56995.0,True,True,2026-03-06
59412,DDH-25081359497,2025-08-13,8,618000.0,26283,2025-08-14,2,1397000.0,44.24,8530,VTSX-KEMIN-2,VTSX_Kẽm In_Offset Kodak Elecxd QC 80x103 cm,4.0,133100.0,532400.0,235521.0,True,True,2026-03-06
59412,DDH-25081359497,2025-08-13,8,618000.0,26283,2025-08-14,2,1397000.0,44.24,10569,GMT300-CREAM-U2S-T2,Giấy Mỹ Thuật_Cream_U2S_300_Tờ_QC_88.9x119.4_cm,11.2460317460318,40076.64,450703.0,199380.0,True,True,2026-03-06
59412,DDH-25081359497,2025-08-13,8,618000.0,26283,2025-08-14,2,1397000.0,44.24,7586,VTSX-BONGTPM-1,VTSX_Bóng Toàn Phần Mờ_SRO1281W2,179.936507936512,86.4,15546.0,6877.0,True,True,2026-03-06
60209,DDH-25082260293,2025-08-22,8,11253320.0,26872,2025-08-29,2,11321150.0,99.4,10831,GI300-NINBO-T2,Giấy Ivory_Ninbo_300_Tờ_QC_75x109_cm,262.4305555555533,5150.52,1351654.0,1343556.0,True,True,2025-10-04
60209,DDH-25082260293,2025-08-22,8,11253320.0,26872,2025-08-29,2,11321150.0,99.4,8530,VTSX-KEMIN-2,VTSX_Kẽm In_Offset Kodak Elecxd QC 80x103 cm,6.0,133100.0,798600.0,793815.0,True,True,2026-03-06
60209,DDH-25082260293,2025-08-22,8,11253320.0,26872,2025-08-29,2,11321150.0,99.4,7586,VTSX-BONGTPM-1,VTSX_Bóng Toàn Phần Mờ_SRO1281W2,2099.444444444467,86.4,181392.0,180305.0,True,True,2026-03-06
60362,DDH-25082560446,2025-08-25,8,8102100.0,26744,2025-08-26,2,20679000.0,39.18,10914,GB300-STARL-FSCMIX-T1,Giấy Bristol_Starlux FSC Mix Credit_300_Tờ_QC_75x109_cm,383.75,9686.52,3717202.0,1456412.0,True,True,2026-03-06
60362,DDH-25082560446,2025-08-25,8,8102100.0,26744,2025-08-26,2,20679000.0,39.18,9218,VTSX-BK2M-5,VTSX_Băng Keo 2 Mặt_DS33_Cuộn_Khổ_2.8_cm,828.9,1617.84,1341027.0,525419.0,True,False,2026-03-18
60362,DDH-25082560446,2025-08-25,8,8102100.0,26744,2025-08-26,2,20679000.0,39.18,8696,VTSX-BONGTPM-2,VTSX_Bóng Toàn Phần Mờ_MCHE000038,6140.0,88.56,543759.0,213047.0,True,True,2026-03-06
60362,DDH-25082560446,2025-08-25,8,8102100.0,26744,2025-08-26,2,20679000.0,39.18,8530,VTSX-KEMIN-2,VTSX_Kẽm In_Offset Kodak Elecxd QC 80x103 cm,2.0,133100.0,266200.0,104298.0,True,True,2026-03-06
60362,DDH-25082560446,2025-08-25,8,8102100.0,26744,2025-08-26,2,20679000.0,39.18,7586,VTSX-BONGTPM-1,VTSX_Bóng Toàn Phần Mờ_SRO1281W2,3070.0,86.4,265248.0,103925.0,True,True,2026-03-06
60410,DDH-25082660494,2025-08-26,8,26164710.0,26763,2025-08-27,1,26164710.0,100.0,8530,VTSX-KEMIN-2,VTSX_Kẽm In_Offset Kodak Elecxd QC 80x103 cm,3.0,133100.0,399300.0,399300.0,True,True,2026-03-06
60410,DDH-25082660494,2025-08-26,8,26164710.0,26763,2025-08-27,1,26164710.0,100.0,8843,VTSX-BONGTPL-5,VTSX_Bóng Toàn Phần Láng_SRU_103CL,1174.1818181818,156.6,183877.0,183877.0,True,True,2026-03-06
60410,DDH-25082660494,2025-08-26,8,26164710.0,26763,2025-08-27,1,26164710.0,100.0,10810,GB300-NINBO-T3,Giấy Bristol_Ninbo_300_Tờ_QC_65x86_cm,587.09090909091,0.0,0.0,0.0,False,True,
60474,DDH-25082660558,2025-08-26,8,204480.0,26837,2025-08-28,4,613440.0,33.33,10900,GB250-STARB-IPSUN-FSCMIX-T1,Giấy Bristol_Starblanc Ipsun FSC Mix Credit_250_Tờ_QC_75x109_cm,23.03333333333334,7020.0,161695.0,53898.0,True,True,2026-02-05
60474,DDH-25082660558,2025-08-26,8,204480.0,26837,2025-08-28,4,613440.0,33.33,7586,VTSX-BONGTPM-1,VTSX_Bóng Toàn Phần Mờ_SRO1281W2,184.2666666666666,86.4,15921.0,5307.0,True,True,2026-03-06
60474,DDH-25082660558,2025-08-26,8,204480.0,26837,2025-08-28,4,613440.0,33.33,7585,VTSX-BONGTPL-2,VTSX_Bóng Toàn Phần Láng_SRO1250AD,184.2666666666666,65.88,12139.0,4046.0,True,False,2026-02-05
60474,DDH-25082660558,2025-08-26,8,204480.0,26837,2025-08-28,4,613440.0,33.33,7594,VTSX-KEO-1,VTSX_Keo_Cán Màng_Nước_102,184.2666666666666,37.3086,6875.0,2292.0,True,True,2026-02-05
60497,DDH-25082760581,2025-08-27,8,5292468.0,26802,2025-08-28,1,5292468.0,100.0,8530,VTSX-KEMIN-2,VTSX_Kẽm In_Offset Kodak Elecxd QC 80x103 cm,2.0,133100.0,266200.0,266200.0,True,True,2026-03-06
60497,DDH-25082760581,2025-08-27,8,5292468.0,26802,2025-08-28,1,5292468.0,100.0,7542,VTSX-MNHIETM-9,VTSX_Màng Nhiệt_Keo Mờ_17K_Cuộn_Khổ_64.5_cm,126.23571428571,755.811,95410.0,95410.0,True,True,2026-02-05
60512,DDH-25082760596,2025-08-27,8,1402500.0,26938,2025-08-30,6,9354600.0,14.99,10900,GB250-STARB-IPSUN-FSCMIX-T1,Giấy Bristol_Starblanc Ipsun FSC Mix Credit_250_Tờ_QC_75x109_cm,174.55208333333266,7020.0,1225356.0,183713.0,True,True,2026-02-05
60512,DDH-25082760596,2025-08-27,8,1402500.0,26938,2025-08-30,6,9354600.0,14.99,8530,VTSX-KEMIN-2,VTSX_Kẽm In_Offset Kodak Elecxd QC 80x103 cm,6.0,133100.0,798600.0,119731.0,True,True,2026-03-06
60512,DDH-25082760596,2025-08-27,8,1402500.0,26938,2025-08-30,6,9354600.0,14.99,8836,VTSX-BONGTPL-6,VTSX_Bóng Toàn Phần Láng_SRO_1504RHG,1396.4166666666733,83.16,116126.0,17410.0,True,True,2026-03-06
60512,DDH-25082760596,2025-08-27,8,1402500.0,26938,2025-08-30,6,9354600.0,14.99,7594,VTSX-KEO-1,VTSX_Keo_Cán Màng_Nước_102,698.2083333333267,37.3086,26049.0,3905.0,True,True,2026-02-05
60512,DDH-25082760596,2025-08-27,8,1402500.0,26938,2025-08-30,6,9354600.0,14.99,7454,VTSX-TUIPE-7,VTSX_Túi PE_Trắng_QC_30x40_cm,13.964166666666733,342.0,4775.0,716.0,True,False,2026-03-06
60524,DDH-25082760608,2025-08-27,8,6846640.0,26806,2025-08-28,1,6846640.0,100.0,11082,DCG-AW5209-C8,Decal Giấy_AW5209_Cuộn_Khổ_14_cm,306.18,2690.604,823809.0,823809.0,True,True,2026-02-05
60861,DDH-25083060945,2025-08-30,8,2160572.0,27095,2025-09-04,6,5295338.0,40.8,8530,VTSX-KEMIN-2,VTSX_Kẽm In_Offset Kodak Elecxd QC 80x103 cm,30.0,133100.0,3993000.0,1629200.0,True,True,2026-03-06
60861,DDH-25083060945,2025-08-30,8,2160572.0,27095,2025-09-04,6,5295338.0,40.8,10886,GB400-STARB-FSCMIX-T1,Giấy Bristol_Starblanc FSC Mix Credit_400_Tờ_QC_75x109_cm,68.13333333333334,10650.96,725685.0,296090.0,True,True,2025-07-04
60861,DDH-25083060945,2025-08-30,8,2160572.0,27095,2025-09-04,6,5295338.0,40.8,7587,VTSX-BONGTPN-1,VTSX_Bóng Toàn Phần Nhung_SRO764,2180.2666666666664,312.12,680505.0,277656.0,True,True,2025-11-04
60861,DDH-25083060945,2025-08-30,8,2160572.0,27095,2025-09-04,6,5295338.0,40.8,7585,VTSX-BONGTPL-2,VTSX_Bóng Toàn Phần Láng_SRO1250AD,1090.1333333333334,65.88,71819.0,29303.0,True,False,2026-02-05
61172,DDH-25090561256,2025-09-05,9,467124.0,27204,2025-09-06,1,467124.0,100.0,9618,VTSX-MIBC-16,VTSX_Mực In Barcode_N238_Cuộn_Khổ_9_cm,49.248,579.6,28544.0,28544.0,True,True,2026-03-06
61316,DDH-25090961400,2025-09-09,9,1521360.0,27305,2025-09-10,1,1521360.0,100.0,8455,VTSX-MIBC-1,VTSX_Mực In Barcode_B110A_Cuộn_Khổ_7_cm,370.044,536.4,198492.0,198492.0,True,True,2026-03-06
61394,DDH-25090961478,2025-09-09,9,2405000.0,27289,2025-09-10,1,2405000.0,100.0,8530,VTSX-KEMIN-2,VTSX_Kẽm In_Offset Kodak Elecxd QC 80x103 cm,4.0,133100.0,532400.0,532400.0,True,True,2026-03-06
61394,DDH-25090961478,2025-09-09,9,2405000.0,27289,2025-09-10,1,2405000.0,100.0,10608,GD2M350-DEAH-T7,Giấy Duplex_2 Mặt_Deahan_350_Tờ_QC_65x86_cm,66.530612244898,4578.12,304585.0,304585.0,True,True,2025-09-05
61394,DDH-25090961478,2025-09-09,9,2405000.0,27289,2025-09-10,1,2405000.0,100.0,7587,VTSX-BONGTPN-1,VTSX_Bóng Toàn Phần Nhung_SRO764,266.12244897959,312.12,83062.0,83062.0,True,True,2025-11-04
61394,DDH-25090961478,2025-09-09,9,2405000.0,27289,2025-09-10,1,2405000.0,100.0,7586,VTSX-BONGTPM-1,VTSX_Bóng Toàn Phần Mờ_SRO1281W2,266.12244897959,86.4,22993.0,22993.0,True,True,2026-03-06
61394,DDH-25090961478,2025-09-09,9,2405000.0,27289,2025-09-10,1,2405000.0,100.0,7585,VTSX-BONGTPL-2,VTSX_Bóng Toàn Phần Láng_SRO1250AD,266.12244897959,65.88,17532.0,17532.0,True,False,2026-02-05
61425,DDH-25090961509,2025-09-09,9,370620.0,27382,2025-09-12,2,370620.0,100.0,10900,GB250-STARB-IPSUN-FSCMIX-T1,Giấy Bristol_Starblanc Ipsun FSC Mix Credit_250_Tờ_QC_75x109_cm,14.44166666666667,7020.0,101381.0,101381.0,True,True,2026-02-05
61425,DDH-25090961509,2025-09-09,9,370620.0,27382,2025-09-12,2,370620.0,100.0,7586,VTSX-BONGTPM-1,VTSX_Bóng Toàn Phần Mờ_SRO1281W2,115.5333333333333,86.4,9983.0,9983.0,True,True,2026-03-06
61425,DDH-25090961509,2025-09-09,9,370620.0,27382,2025-09-12,2,370620.0,100.0,7585,VTSX-BONGTPL-2,VTSX_Bóng Toàn Phần Láng_SRO1250AD,115.5333333333333,65.88,7611.0,7611.0,True,False,2026-02-05
61425,DDH-25090961509,2025-09-09,9,370620.0,27382,2025-09-12,2,370620.0,100.0,7594,VTSX-KEO-1,VTSX_Keo_Cán Màng_Nước_102,115.5333333333333,37.3086,4311.0,4311.0,True,True,2026-02-05
61545,DDH-25091161629,2025-09-11,9,299700.0,27377,2025-09-12,1,299700.0,100.0,8163,DCT-T25-C1,Decal Trong_Trong 25_Cuộn_Khổ_10_cm,14.773,1562.76,23087.0,23087.0,True,True,2025-03-04
61660,DDH-25091261744,2025-09-12,9,1822480.0,27430,2025-09-13,1,1822480.0,100.0,7927,DCG-SW7325-C9,Decal Giấy_SW7325_Cuộn_Khổ_11_cm,334.672,1404.216,469952.0,469952.0,True,True,2026-03-06
61717,DDH-25091361801,2025-09-13,9,3080000.0,27460,2025-09-15,1,3080000.0,100.0,7974,DCG-AW0331-T19,Decal Giấy_AW0331_Tờ_QC_43x54_cm,565.0,2654.464,1499772.0,1499772.0,True,True,2026-02-05
61717,DDH-25091361801,2025-09-13,9,3080000.0,27460,2025-09-15,1,3080000.0,100.0,8530,VTSX-KEMIN-2,VTSX_Kẽm In_Offset Kodak Elecxd QC 80x103 cm,4.0,133100.0,532400.0,532400.0,True,True,2026-03-06
61972,DDH-25091762056,2025-09-17,9,285300.0,27584,2025-09-18,2,2720880.0,10.49,10131,DCG-SW7325-C20,Decal Giấy_SW7325_Cuộn_Khổ_16_cm,221.0725,2042.496,451540.0,47347.0,True,True,2026-03-06
62083,DDH-25091862167,2025-09-18,9,562800.0,27630,2025-09-19,1,562800.0,100.0,9550,DCG-SW7325-T15,Decal Giấy_SW7325_Tờ QC_32x47_cm,65.136363636364,1964.7775,127978.0,127978.0,True,True,2026-03-06
62298,DDH-25092062382,2025-09-20,9,1263500.0,27691,2025-09-22,4,37819500.0,3.34,10914,GB300-STARL-FSCMIX-T1,Giấy Bristol_Starlux FSC Mix Credit_300_Tờ_QC_75x109_cm,748.39285714286,9686.52,7249322.0,242190.0,True,True,2026-03-06
62298,DDH-25092062382,2025-09-20,9,1263500.0,27691,2025-09-22,4,37819500.0,3.34,8559,VTSX-BK2M-6,VTSX_Băng Keo 2 Mặt_DS33_Cuộn_Khổ_5.4_cm,778.328571428571,3120.12,2428478.0,81132.0,True,True,2026-03-06
62298,DDH-25092062382,2025-09-20,9,1263500.0,27691,2025-09-22,4,37819500.0,3.34,8696,VTSX-BONGTPM-2,VTSX_Bóng Toàn Phần Mờ_MCHE000038,5987.14285714289,88.56,530221.0,17714.0,True,True,2026-03-06
62298,DDH-25092062382,2025-09-20,9,1263500.0,27691,2025-09-22,4,37819500.0,3.34,8530,VTSX-KEMIN-2,VTSX_Kẽm In_Offset Kodak Elecxd QC 80x103 cm,3.0,133100.0,399300.0,13340.0,True,True,2026-03-06
62298,DDH-25092062382,2025-09-20,9,1263500.0,27691,2025-09-22,4,37819500.0,3.34,7456,VTSX-TUIPE-9,VTSX_Túi PE_Trắng_QC_40x60_cm,17.46250000000004,1123.2,19615.0,655.0,True,True,2026-03-14
62302,DDH-25092062386,2025-09-20,9,1928500.0,27687,2025-09-22,2,2897500.0,66.56,10914,GB300-STARL-FSCMIX-T1,Giấy Bristol_Starlux FSC Mix Credit_300_Tờ_QC_75x109_cm,56.607142857143,9686.52,548326.0,364951.0,True,True,2026-03-06
62302,DDH-25092062386,2025-09-20,9,1928500.0,27687,2025-09-22,2,2897500.0,66.56,8530,VTSX-KEMIN-2,VTSX_Kẽm In_Offset Kodak Elecxd QC 80x103 cm,2.0,133100.0,266200.0,177176.0,True,True,2026-03-06
62302,DDH-25092062386,2025-09-20,9,1928500.0,27687,2025-09-22,2,2897500.0,66.56,8559,VTSX-BK2M-6,VTSX_Băng Keo 2 Mặt_DS33_Cuộn_Khổ_5.4_cm,58.871428571429,3120.12,183686.0,122257.0,True,True,2026-03-06
62302,DDH-25092062386,2025-09-20,9,1928500.0,27687,2025-09-22,2,2897500.0,66.56,8696,VTSX-BONGTPM-2,VTSX_Bóng Toàn Phần Mờ_MCHE000038,452.85714285714,88.56,40105.0,26693.0,True,True,2026-03-06
62302,DDH-25092062386,2025-09-20,9,1928500.0,27687,2025-09-22,2,2897500.0,66.56,7456,VTSX-TUIPE-9,VTSX_Túi PE_Trắng_QC_40x60_cm,1.32083333333333,1123.2,1483.0,987.0,True,True,2026-03-14
62306,DDH-25092062390,2025-09-20,9,33800000.0,27682,2025-09-22,2,44070000.0,76.7,10917,GB350-STARL-FSCMIX-T2,Giấy Bristol_Starlux FSC Mix Credit_350_Tờ_QC_75x109_cm,450.3125,11182.32,5035538.0,3862065.0,True,True,2026-03-18
62306,DDH-25092062390,2025-09-20,9,33800000.0,27682,2025-09-22,2,44070000.0,76.7,7514,VTSX-MIOS-DIC-1,VTSX_Mực In Offset DIC_OS01213_Bóng Mờ,7205.0,181.5,1307708.0,1002962.0,True,True,2024-12-11
62306,DDH-25092062390,2025-09-20,9,33800000.0,27682,2025-09-22,2,44070000.0,76.7,8530,VTSX-KEMIN-2,VTSX_Kẽm In_Offset Kodak Elecxd QC 80x103 cm,8.0,133100.0,1064800.0,816661.0,True,True,2026-03-06
62306,DDH-25092062390,2025-09-20,9,33800000.0,27682,2025-09-22,2,44070000.0,76.7,7586,VTSX-BONGTPM-1,VTSX_Bóng Toàn Phần Mờ_SRO1281W2,3602.5,86.4,311256.0,238721.0,True,True,2026-03-06
62366,DDH-25092062450,2025-09-20,9,49833000.0,27696,2025-09-22,2,142832000.0,34.89,10914,GB300-STARL-FSCMIX-T1,Giấy Bristol_Starlux FSC Mix Credit_300_Tờ_QC_75x109_cm,2544.1666666667,9686.52,24644121.0,8598147.0,True,True,2026-03-06
62366,DDH-25092062450,2025-09-20,9,49833000.0,27696,2025-09-22,2,142832000.0,34.89,9218,VTSX-BK2M-5,VTSX_Băng Keo 2 Mặt_DS33_Cuộn_Khổ_2.8_cm,5495.4,1617.84,8890678.0,3101890.0,True,False,2026-03-18
62366,DDH-25092062450,2025-09-20,9,49833000.0,27696,2025-09-22,2,142832000.0,34.89,8696,VTSX-BONGTPM-2,VTSX_Bóng Toàn Phần Mờ_MCHE000038,40706.666666667,88.56,3604982.0,1257751.0,True,True,2026-03-06
62366,DDH-25092062450,2025-09-20,9,49833000.0,27696,2025-09-22,2,142832000.0,34.89,7586,VTSX-BONGTPM-1,VTSX_Bóng Toàn Phần Mờ_SRO1281W2,20353.333333333,86.4,1758528.0,613537.0,True,True,2026-03-06
62366,DDH-25092062450,2025-09-20,9,49833000.0,27696,2025-09-22,2,142832000.0,34.89,8530,VTSX-KEMIN-2,VTSX_Kẽm In_Offset Kodak Elecxd QC 80x103 cm,2.0,133100.0,266200.0,92875.0,True,True,2026-03-06
62580,DDH-25092462664,2025-09-24,9,176795000.0,27829,2025-09-25,1,176795000.0,100.0,10914,GB300-STARL-FSCMIX-T1,Giấy Bristol_Starlux FSC Mix Credit_300_Tờ_QC_75x109_cm,3238.5714285714,9686.52,31370487.0,31370487.0,True,True,2026-03-06
62580,DDH-25092462664,2025-09-24,9,176795000.0,27829,2025-09-25,1,176795000.0,100.0,8559,VTSX-BK2M-6,VTSX_Băng Keo 2 Mặt_DS33_Cuộn_Khổ_5.4_cm,3368.1142857143,3120.12,10508921.0,10508921.0,True,True,2026-03-06
62580,DDH-25092462664,2025-09-24,9,176795000.0,27829,2025-09-25,1,176795000.0,100.0,8696,VTSX-BONGTPM-2,VTSX_Bóng Toàn Phần Mờ_MCHE000038,25908.571428571,88.56,2294463.0,2294463.0,True,True,2026-03-06
62580,DDH-25092462664,2025-09-24,9,176795000.0,27829,2025-09-25,1,176795000.0,100.0,8530,VTSX-KEMIN-2,VTSX_Kẽm In_Offset Kodak Elecxd QC 80x103 cm,1.0,133100.0,133100.0,133100.0,True,True,2026-03-06
62580,DDH-25092462664,2025-09-24,9,176795000.0,27829,2025-09-25,1,176795000.0,100.0,7456,VTSX-TUIPE-9,VTSX_Túi PE_Trắng_QC_40x60_cm,75.566666666667,1123.2,84876.0,84876.0,True,True,2026-03-14
62589,DDH-25092462673,2025-09-24,9,1358100.0,27846,2025-09-25,1,1358100.0,100.0,8920,VTSX-MIBC-8,VTSX_Mực In Barcode_N208_Cuộn_Khổ_7_cm,224.632,453.6,101893.0,101893.0,True,True,2026-01-06
62827,DDH-25092762911,2025-09-27,9,1485000.0,27952,2025-09-29,1,1485000.0,100.0,10828,GI250-NINBO-T5,Giấy Ivory_Ninbo_250_Tờ_QC_79x109_cm,60.6,4099.9997,248460.0,248460.0,True,True,2026-02-05
62827,DDH-25092762911,2025-09-27,9,1485000.0,27952,2025-09-29,1,1485000.0,100.0,7594,VTSX-KEO-1,VTSX_Keo_Cán Màng_Nước_102,151.5,37.3086,5652.0,5652.0,True,True,2026-02-05
62838,DDH-25092962922,2025-09-29,9,315456.0,28014,2025-10-01,3,2131572.0,14.8,10251,DCCN-MW0066-C5,Decal Cảm Nhiệt_MW0066_Cuộn_Khổ_11_cm,117.353833333333,1371.1896,160914.0,23814.0,True,True,2026-03-06
63110,DDH-25100263194,2025-10-02,10,2541395.0,28082,2025-10-02,1,2541395.0,100.0,10673,GD1M350-HANSON-T4,Giấy Duplex_1 Mặt_Hanson_350_Tờ_QC_65x86_cm,105.86666666667,3395.9995,359523.0,359523.0,True,True,2026-03-06
63159,DDH-25100363243,2025-10-03,10,241080.0,28118,2025-10-04,1,241080.0,100.0,7552,VTSX-DBG-7,VTSX_Dây Băng Giấy_Cuộn_Khổ_3.5_cm,39.312,279.72,10996.0,10996.0,True,True,2026-02-05
63212,DDH-25100363296,2025-10-03,10,8102100.0,28137,2025-10-04,3,10961000.0,73.92,11626,GB300-STARL-FSCMIX-T3,Giấy Bristol_Starlux FSC Mix Credit_300_Tờ_QC_86x109_cm,205.8333333333333,10044.0,2067391.0,1528164.0,True,True,2025-11-04
63212,DDH-25100363296,2025-10-03,10,8102100.0,28137,2025-10-04,3,10961000.0,73.92,9218,VTSX-BK2M-5,VTSX_Băng Keo 2 Mặt_DS33_Cuộn_Khổ_2.8_cm,444.6,1617.84,719291.0,531682.0,True,False,2026-03-18
63212,DDH-25100363296,2025-10-03,10,8102100.0,28137,2025-10-04,3,10961000.0,73.92,8530,VTSX-KEMIN-2,VTSX_Kẽm In_Offset Kodak Elecxd QC 80x103 cm,3.0,133100.0,399300.0,295153.0,True,True,2026-03-06
63212,DDH-25100363296,2025-10-03,10,8102100.0,28137,2025-10-04,3,10961000.0,73.92,8696,VTSX-BONGTPM-2,VTSX_Bóng Toàn Phần Mờ_MCHE000038,3293.333333333333,88.56,291658.0,215586.0,True,True,2026-03-06
63212,DDH-25100363296,2025-10-03,10,8102100.0,28137,2025-10-04,3,10961000.0,73.92,7586,VTSX-BONGTPM-1,VTSX_Bóng Toàn Phần Mờ_SRO1281W2,1646.666666666667,86.4,142272.0,105164.0,True,True,2026-03-06
63365,DDH-25100663449,2025-10-06,10,1539000.0,28189,2025-10-07,1,1539000.0,100.0,8530,VTSX-KEMIN-2,VTSX_Kẽm In_Offset Kodak Elecxd QC 80x103 cm,4.0,133100.0,532400.0,532400.0,True,True,2026-03-06
63365,DDH-25100663449,2025-10-06,10,1539000.0,28189,2025-10-07,1,1539000.0,100.0,10608,GD2M350-DEAH-T7,Giấy Duplex_2 Mặt_Deahan_350_Tờ_QC_65x86_cm,56.666666666667,4578.12,259427.0,259427.0,True,True,2025-09-05
63365,DDH-25100663449,2025-10-06,10,1539000.0,28189,2025-10-07,1,1539000.0,100.0,7587,VTSX-BONGTPN-1,VTSX_Bóng Toàn Phần Nhung_SRO764,340.0,312.12,106121.0,106121.0,True,True,2025-11-04
63365,DDH-25100663449,2025-10-06,10,1539000.0,28189,2025-10-07,1,1539000.0,100.0,7586,VTSX-BONGTPM-1,VTSX_Bóng Toàn Phần Mờ_SRO1281W2,340.0,86.4,29376.0,29376.0,True,True,2026-03-06
63365,DDH-25100663449,2025-10-06,10,1539000.0,28189,2025-10-07,1,1539000.0,100.0,7585,VTSX-BONGTPL-2,VTSX_Bóng Toàn Phần Láng_SRO1250AD,340.0,65.88,22399.0,22399.0,True,False,2026-02-05
63402,DDH-25100763486,2025-10-07,10,3007368.0,28203,2025-10-07,1,3007368.0,100.0,10251,DCCN-MW0066-C5,Decal Cảm Nhiệt_MW0066_Cuộn_Khổ_11_cm,154.42658333333,1371.1896,211748.0,211748.0,True,True,2026-03-06
63686,DDH-25101163769,2025-10-11,10,4536800.0,28355,2025-10-13,1,4536800.0,100.0,10472,GB300-3ĐT-IND-T2,Giấy Bristol_3 Đồng Tiền Indo_300_Tờ_QC_65x86_cm,189.6375,4099.9997,777514.0,777514.0,True,True,2026-03-06
63686,DDH-25101163769,2025-10-11,10,4536800.0,28355,2025-10-13,1,4536800.0,100.0,8530,VTSX-KEMIN-2,VTSX_Kẽm In_Offset Kodak Elecxd QC 80x103 cm,2.0,133100.0,266200.0,266200.0,True,True,2026-03-06
63686,DDH-25101163769,2025-10-11,10,4536800.0,28355,2025-10-13,1,4536800.0,100.0,7586,VTSX-BONGTPM-1,VTSX_Bóng Toàn Phần Mờ_SRO1281W2,1517.1,86.4,131077.0,131077.0,True,True,2026-03-06
64092,DDH-25101764175,2025-10-17,10,6500000.0,28528,2025-10-18,1,6500000.0,100.0,10902,GB300-STARB-IPSUN-FSCMIX-T1,Giấy Bristol_Starblanc Ipsun FSC Mix Credit_300_Tờ_QC_75x109_cm,358.78571428571,9239.4,3314965.0,3314965.0,True,True,2025-07-04
64092,DDH-25101764175,2025-10-17,10,6500000.0,28528,2025-10-18,1,6500000.0,100.0,8530,VTSX-KEMIN-2,VTSX_Kẽm In_Offset Kodak Elecxd QC 80x103 cm,3.0,133100.0,399300.0,399300.0,True,True,2026-03-06
64092,DDH-25101764175,2025-10-17,10,6500000.0,28528,2025-10-18,1,6500000.0,100.0,7514,VTSX-MIOS-DIC-1,VTSX_Mực In Offset DIC_OS01213_Bóng Mờ,1435.1428571429,181.5,260478.0,260478.0,True,True,2024-12-11
64092,DDH-25101764175,2025-10-17,10,6500000.0,28528,2025-10-18,1,6500000.0,100.0,7586,VTSX-BONGTPM-1,VTSX_Bóng Toàn Phần Mờ_SRO1281W2,1435.1428571429,86.4,123996.0,123996.0,True,True,2026-03-06
64281,DDH-25102164364,2025-10-21,10,950000.0,28736,2025-10-24,3,1146312.0,82.87,10198,DCG-AW0331-T36,Decal Giấy_AW0331_Tờ_QC_32x47_cm,191.125,1719.3427,328610.0,272334.0,True,True,2026-03-06
64283,DDH-25102164366,2025-10-21,10,12936000.0,28629,2025-10-22,1,12936000.0,100.0,11451,VTSX-MIBC-20,VTSX_Mực In Barcode_N238_Cuộn_Khổ_8.2_cm,247.86,529.2,131168.0,131168.0,True,False,2026-02-05
64400,DDH-25102364483,2025-10-23,10,14961840.0,28720,2025-10-24,2,30756840.0,48.65,7528,VTSX-MIBC-2,VTSX_Mực In Barcode_B110A_Cuộn_Khổ_8.2_cm,696.519,586.8,408717.0,198823.0,True,True,2026-03-06
64415,DDH-25102364498,2025-10-23,10,870000.0,28709,2025-10-24,1,870000.0,100.0,8001,DCG-AW0331-C20,Decal Giấy_AW0331_Cuộn_Khổ_13_cm,383.8,1447.3836,555506.0,555506.0,True,True,2026-03-06
64515,DDH-25102464598,2025-10-24,10,22056480.0,28762,2025-10-25,1,22056480.0,100.0,7899,DCSUA-SVLW-C1,Decal Sữa_SVLW#80_Cuộn_Khổ_13.2_cm,3605.1433333333,2174.7528,7840295.0,7840295.0,True,True,2026-03-07
64515,DDH-25102464598,2025-10-24,10,22056480.0,28762,2025-10-25,1,22056480.0,100.0,8086,VTSX-BKCMT-6,VTSX_Băng Keo Cán Màng_Trong_Cuộn_Khổ_12.5_cm,3605.1433333333,369.9,1333543.0,1333543.0,True,True,2026-03-07
64542,DDH-25102464625,2025-10-24,10,2504290.0,28780,2025-10-25,3,68798090.0,3.64,10914,GB300-STARL-FSCMIX-T1,Giấy Bristol_Starlux FSC Mix Credit_300_Tờ_QC_75x109_cm,767.142857142856,9686.52,7430943.0,270491.0,True,True,2026-03-06
64542,DDH-25102464625,2025-10-24,10,2504290.0,28780,2025-10-25,3,68798090.0,3.64,9218,VTSX-BK2M-5,VTSX_Băng Keo 2 Mặt_DS33_Cuộn_Khổ_2.8_cm,1595.657142857144,1617.84,2581518.0,93969.0,True,False,2026-03-18
64542,DDH-25102464625,2025-10-24,10,2504290.0,28780,2025-10-25,3,68798090.0,3.64,8530,VTSX-KEMIN-2,VTSX_Kẽm In_Offset Kodak Elecxd QC 80x103 cm,5.0,133100.0,665500.0,24225.0,True,True,2026-03-06
64542,DDH-25102464625,2025-10-24,10,2504290.0,28780,2025-10-25,3,68798090.0,3.64,8696,VTSX-BONGTPM-2,VTSX_Bóng Toàn Phần Mờ_MCHE000038,6137.14285714285,88.56,543506.0,19784.0,True,True,2026-03-06
64542,DDH-25102464625,2025-10-24,10,2504290.0,28780,2025-10-25,3,68798090.0,3.64,7456,VTSX-TUIPE-9,VTSX_Túi PE_Trắng_QC_40x60_cm,11.66666666666667,1123.2,13105.0,477.0,True,True,2026-03-14
64582,DDH-25102564665,2025-10-25,10,17501500.0,28800,2025-10-27,2,61146500.0,28.62,11626,GB300-STARL-FSCMIX-T3,Giấy Bristol_Starlux FSC Mix Credit_300_Tờ_QC_86x109_cm,881.04166666666,10044.0,8849182.0,2532834.0,True,True,2025-11-04
64582,DDH-25102564665,2025-10-25,10,17501500.0,28800,2025-10-27,2,61146500.0,28.62,9218,VTSX-BK2M-5,VTSX_Băng Keo 2 Mặt_DS33_Cuộn_Khổ_2.8_cm,1903.05,1617.84,3078830.0,881230.0,True,False,2026-03-18
64582,DDH-25102564665,2025-10-25,10,17501500.0,28800,2025-10-27,2,61146500.0,28.62,8696,VTSX-BONGTPM-2,VTSX_Bóng Toàn Phần Mờ_MCHE000038,14096.6666666663,88.56,1248401.0,357320.0,True,True,2026-03-06
64582,DDH-25102564665,2025-10-25,10,17501500.0,28800,2025-10-27,2,61146500.0,28.62,7586,VTSX-BONGTPM-1,VTSX_Bóng Toàn Phần Mờ_SRO1281W2,7048.3333333334,86.4,608976.0,174303.0,True,True,2026-03-06
64582,DDH-25102564665,2025-10-25,10,17501500.0,28800,2025-10-27,2,61146500.0,28.62,8530,VTSX-KEMIN-2,VTSX_Kẽm In_Offset Kodak Elecxd QC 80x103 cm,2.0,133100.0,266200.0,76192.0,True,True,2026-03-06
64616,DDH-25102564699,2025-10-25,10,10307016.0,28810,2025-10-27,1,10307016.0,100.0,9618,VTSX-MIBC-16,VTSX_Mực In Barcode_N238_Cuộn_Khổ_9_cm,1147.536,579.6,665112.0,665112.0,True,True,2026-03-06
64689,DDH-25102764772,2025-10-27,10,2174400.0,28864,2025-10-29,4,2316000.0,93.89,10900,GB250-STARB-IPSUN-FSCMIX-T1,Giấy Bristol_Starblanc Ipsun FSC Mix Credit_250_Tờ_QC_75x109_cm,71.10000000000036,7020.0,499123.0,468607.0,True,True,2026-02-05
64689,DDH-25102764772,2025-10-27,10,2174400.0,28864,2025-10-29,4,2316000.0,93.89,8836,VTSX-BONGTPL-6,VTSX_Bóng Toàn Phần Láng_SRO_1504RHG,1137.6000000000338,83.16,94603.0,88819.0,True,True,2026-03-06
64799,DDH-25102964882,2025-10-29,10,34400000.0,28879,2025-10-30,2,82400000.0,41.75,10762,GK350-KRAFT-SIAM-T1,Giấy Kraft_Thái_Siam_350_Tờ_QC_75x109_cm,2500.00000000001,4694.76,11736900.0,4899871.0,True,True,2026-03-06
64799,DDH-25102964882,2025-10-29,10,34400000.0,28879,2025-10-30,2,82400000.0,41.75,7468,VTSX-MIOS-92-7,VTSX_Mực In Offset 92_Trắng_Trong,20000.0,122.04,2440800.0,1018975.0,True,True,2026-03-06
64799,DDH-25102964882,2025-10-29,10,34400000.0,28879,2025-10-30,2,82400000.0,41.75,7586,VTSX-BONGTPM-1,VTSX_Bóng Toàn Phần Mờ_SRO1281W2,20000.0,86.4,1728000.0,721398.0,True,True,2026-03-06
64799,DDH-25102964882,2025-10-29,10,34400000.0,28879,2025-10-30,2,82400000.0,41.75,8530,VTSX-KEMIN-2,VTSX_Kẽm In_Offset Kodak Elecxd QC 80x103 cm,9.0,133100.0,1197900.0,500094.0,True,True,2026-03-06
64998,DDH-25110165081,2025-11-01,11,1954900.0,28990,2025-11-03,4,20385200.0,9.59,9218,VTSX-BK2M-5,VTSX_Băng Keo 2 Mặt_DS33_Cuộn_Khổ_2.8_cm,822.6,1617.84,1330834.0,127624.0,True,False,2026-03-18
64998,DDH-25110165081,2025-11-01,11,1954900.0,28990,2025-11-03,4,20385200.0,9.59,8696,VTSX-BONGTPM-2,VTSX_Bóng Toàn Phần Mờ_MCHE000038,6093.333333333307,88.56,539626.0,51749.0,True,True,2026-03-06
64998,DDH-25110165081,2025-11-01,11,1954900.0,28990,2025-11-03,4,20385200.0,9.59,8530,VTSX-KEMIN-2,VTSX_Kẽm In_Offset Kodak Elecxd QC 80x103 cm,4.0,133100.0,532400.0,51056.0,True,True,2026-03-06
64998,DDH-25110165081,2025-11-01,11,1954900.0,28990,2025-11-03,4,20385200.0,9.59,7586,VTSX-BONGTPM-1,VTSX_Bóng Toàn Phần Mờ_SRO1281W2,3046.666666666693,86.4,263232.0,25243.0,True,True,2026-03-06
64998,DDH-25110165081,2025-11-01,11,1954900.0,28990,2025-11-03,4,20385200.0,9.59,11892,GB300-STARL-FSCMIX-T5,Giấy Bristol_Starlux FSC Mix Credit_300_Tờ_QC_37x54_cm,1523.333333333304,0.0,0.0,0.0,False,True,
65061,DDH-25110365144,2025-11-03,11,767520.0,29032,2025-11-04,4,2390040.0,32.11,7586,VTSX-BONGTPM-1,VTSX_Bóng Toàn Phần Mờ_SRO1281W2,324.48888888888894,86.4,28035.0,9003.0,True,True,2026-03-06
65061,DDH-25110365144,2025-11-03,11,767520.0,29032,2025-11-04,4,2390040.0,32.11,8836,VTSX-BONGTPL-6,VTSX_Bóng Toàn Phần Láng_SRO_1504RHG,324.48888888888894,83.16,26985.0,8666.0,True,True,2026-03-06
65061,DDH-25110365144,2025-11-03,11,767520.0,29032,2025-11-04,4,2390040.0,32.11,7453,VTSX-TUIPE-6,VTSX_Túi PE_Trắng_QC_25x35_cm,4.056111111111111,330.3529,1341.0,431.0,True,True,2026-03-18
65163,DDH-25110565246,2025-11-05,11,2286570.0,29065,2025-11-06,1,2286570.0,100.0,8884,VTSX-MIBC-9,VTSX_Mực In Barcode_N208_Cuộn_Khổ_9_cm,260.88,579.6,151206.0,151206.0,True,True,2026-03-06
65633,DDH-25111365716,2025-11-13,11,5100000.0,29297,2025-11-14,1,5100000.0,100.0,7978,DCG-AW0331-T18,Decal Giấy_AW0331_Tờ_QC_42.5x56.5_cm,750.0,2745.061,2058796.0,2058796.0,True,True,2025-12-04
65633,DDH-25111365716,2025-11-13,11,5100000.0,29297,2025-11-14,1,5100000.0,100.0,8530,VTSX-KEMIN-2,VTSX_Kẽm In_Offset Kodak Elecxd QC 80x103 cm,4.0,133100.0,532400.0,532400.0,True,True,2026-03-06
65655,DDH-25111365738,2025-11-13,11,1243000.0,29291,2025-11-14,1,1243000.0,100.0,8530,VTSX-KEMIN-2,VTSX_Kẽm In_Offset Kodak Elecxd QC 80x103 cm,1.0,133100.0,133100.0,133100.0,True,True,2026-03-06
65655,DDH-25111365738,2025-11-13,11,1243000.0,29291,2025-11-14,1,1243000.0,100.0,9218,VTSX-BK2M-5,VTSX_Băng Keo 2 Mặt_DS33_Cuộn_Khổ_2.8_cm,25.2,1617.84,40770.0,40770.0,True,False,2026-03-18
65655,DDH-25111365738,2025-11-13,11,1243000.0,29291,2025-11-14,1,1243000.0,100.0,8696,VTSX-BONGTPM-2,VTSX_Bóng Toàn Phần Mờ_MCHE000038,186.66666666667,88.56,16531.0,16531.0,True,True,2026-03-06
65655,DDH-25111365738,2025-11-13,11,1243000.0,29291,2025-11-14,1,1243000.0,100.0,7586,VTSX-BONGTPM-1,VTSX_Bóng Toàn Phần Mờ_SRO1281W2,93.333333333333,86.4,8064.0,8064.0,True,True,2026-03-06
65655,DDH-25111365738,2025-11-13,11,1243000.0,29291,2025-11-14,1,1243000.0,100.0,11892,GB300-STARL-FSCMIX-T5,Giấy Bristol_Starlux FSC Mix Credit_300_Tờ_QC_37x54_cm,46.666666666667,0.0,0.0,0.0,False,True,
65719,DDH-25111465802,2025-11-14,11,8775000.0,29325,2025-11-15,1,8775000.0,100.0,10900,GB250-STARB-IPSUN-FSCMIX-T1,Giấy Bristol_Starblanc Ipsun FSC Mix Credit_250_Tờ_QC_75x109_cm,465.92857142857,7020.0,3270819.0,3270819.0,True,True,2026-02-05
65719,DDH-25111465802,2025-11-14,11,8775000.0,29325,2025-11-15,1,8775000.0,100.0,8530,VTSX-KEMIN-2,VTSX_Kẽm In_Offset Kodak Elecxd QC 80x103 cm,5.0,133100.0,665500.0,665500.0,True,True,2026-03-06
65719,DDH-25111465802,2025-11-14,11,8775000.0,29325,2025-11-15,1,8775000.0,100.0,7586,VTSX-BONGTPM-1,VTSX_Bóng Toàn Phần Mờ_SRO1281W2,7454.8571428571,86.4,644100.0,644100.0,True,True,2026-03-06
65733,DDH-25111565816,2025-11-15,11,1275300.0,29357,2025-11-17,1,1275300.0,100.0,9550,DCG-SW7325-T15,Decal Giấy_SW7325_Tờ QC_32x47_cm,245.5,1964.7775,482353.0,482353.0,True,True,2026-03-06
65933,DDH-25111966016,2025-11-19,11,1470175.0,29479,2025-11-21,1,1470175.0,100.0,9550,DCG-SW7325-T15,Decal Giấy_SW7325_Tờ QC_32x47_cm,340.75,1964.7775,669498.0,669498.0,True,True,2026-03-06
65981,DDH-25112066064,2025-11-20,11,502000.0,29514,2025-11-22,1,502000.0,100.0,10198,DCG-AW0331-T36,Decal Giấy_AW0331_Tờ_QC_32x47_cm,19.432692307692,1719.3427,33411.0,33411.0,True,True,2026-03-06
65995,DDH-25112066078,2025-11-20,11,17100000.0,29470,2025-11-21,2,35150000.0,48.65,10914,GB300-STARL-FSCMIX-T1,Giấy Bristol_Starlux FSC Mix Credit_300_Tờ_QC_75x109_cm,527.14285714286,9686.52,5106180.0,2484088.0,True,True,2026-03-06
65995,DDH-25112066078,2025-11-20,11,17100000.0,29470,2025-11-21,2,35150000.0,48.65,8559,VTSX-BK2M-6,VTSX_Băng Keo 2 Mặt_DS33_Cuộn_Khổ_5.4_cm,548.22857142857,3120.12,1710539.0,832154.0,True,True,2026-03-06
65995,DDH-25112066078,2025-11-20,11,17100000.0,29470,2025-11-21,2,35150000.0,48.65,8696,VTSX-BONGTPM-2,VTSX_Bóng Toàn Phần Mờ_MCHE000038,4217.1428571429,88.56,373471.0,181689.0,True,True,2026-03-06
65995,DDH-25112066078,2025-11-20,11,17100000.0,29470,2025-11-21,2,35150000.0,48.65,8530,VTSX-KEMIN-2,VTSX_Kẽm In_Offset Kodak Elecxd QC 80x103 cm,1.0,133100.0,133100.0,64751.0,True,True,2026-03-06
65995,DDH-25112066078,2025-11-20,11,17100000.0,29470,2025-11-21,2,35150000.0,48.65,7456,VTSX-TUIPE-9,VTSX_Túi PE_Trắng_QC_40x60_cm,12.3,1123.2,13815.0,6721.0,True,True,2026-03-14
66104,DDH-25112266187,2025-11-22,11,2674112.0,29598,2025-11-26,1,2674112.0,100.0,10198,DCG-AW0331-T36,Decal Giấy_AW0331_Tờ_QC_32x47_cm,331.0,1719.3427,569102.0,569102.0,True,True,2026-03-06
66235,DDH-25112666318,2025-11-26,11,483360.0,29627,2025-11-27,1,483360.0,100.0,9550,DCG-SW7325-T15,Decal Giấy_SW7325_Tờ QC_32x47_cm,76.94615384615392,1964.7775,151182.0,151182.0,True,True,2026-03-06
66329,DDH-25112766412,2025-11-27,11,190288.0,29662,2025-11-28,6,3414656.0,5.57,8497,DCG-AW5209-C7,Decal Giấy_AW5209_Cuộn_Khổ_15_cm,156.169866666667,2882.79,450205.0,25089.0,True,True,2026-02-05
66416,DDH-25112866499,2025-11-28,11,1910000.0,29711,2025-11-29,1,1910000.0,100.0,10586,GI350-CHENG-T4,Giấy Ivory_Chengming_350_Tờ_QC_65x86_cm,157.8125,0.0,0.0,0.0,False,True,
66419,DDH-25112866502,2025-11-28,11,65600000.0,29710,2025-11-29,2,145600000.0,45.05,10762,GK350-KRAFT-SIAM-T1,Giấy Kraft_Thái_Siam_350_Tờ_QC_75x109_cm,3254.0357142857,4694.76,15276917.0,6883007.0,True,True,2026-03-06
66419,DDH-25112866502,2025-11-28,11,65600000.0,29710,2025-11-29,2,145600000.0,45.05,7468,VTSX-MIOS-92-7,VTSX_Mực In Offset 92_Trắng_Trong,26032.285714285,122.04,3176980.0,1431387.0,True,True,2026-03-06
66419,DDH-25112866502,2025-11-28,11,65600000.0,29710,2025-11-29,2,145600000.0,45.05,7586,VTSX-BONGTPM-1,VTSX_Bóng Toàn Phần Mờ_SRO1281W2,26032.285714285,86.4,2249190.0,1013371.0,True,True,2026-03-06
66419,DDH-25112866502,2025-11-28,11,65600000.0,29710,2025-11-29,2,145600000.0,45.05,8530,VTSX-KEMIN-2,VTSX_Kẽm In_Offset Kodak Elecxd QC 80x103 cm,6.0,133100.0,798600.0,359809.0,True,True,2026-03-06
66427,DDH-25112866510,2025-11-28,11,20566000.0,29681,2025-11-29,1,20566000.0,100.0,10900,GB250-STARB-IPSUN-FSCMIX-T1,Giấy Bristol_Starblanc Ipsun FSC Mix Credit_250_Tờ_QC_75x109_cm,1105.2142857143,7020.0,7758604.0,7758604.0,True,True,2026-02-05
66427,DDH-25112866510,2025-11-28,11,20566000.0,29681,2025-11-29,1,20566000.0,100.0,8836,VTSX-BONGTPL-6,VTSX_Bóng Toàn Phần Láng_SRO_1504RHG,8841.7142857143,83.16,735277.0,735277.0,True,True,2026-03-06
66450,DDH-25112866533,2025-11-28,11,1959464.0,29690,2025-11-29,1,1959464.0,100.0,10673,GD1M350-HANSON-T4,Giấy Duplex_1 Mặt_Hanson_350_Tờ_QC_65x86_cm,101.85714285714,3395.9995,345907.0,345907.0,True,True,2026-03-06
66584,DDH-25120166667,2025-12-01,12,13862270.0,29760,2025-12-02,1,13862270.0,100.0,12577,VTSX-BK2M-9,VTSX_Băng Keo 2 Mặt_DS33_Cuộn_Khổ_3.3_cm,551.65,1906.74,1051853.0,1051853.0,True,False,2026-02-05
66584,DDH-25120166667,2025-12-01,12,13862270.0,29760,2025-12-02,1,13862270.0,100.0,8530,VTSX-KEMIN-2,VTSX_Kẽm In_Offset Kodak Elecxd QC 80x103 cm,6.0,133100.0,798600.0,798600.0,True,True,2026-03-06
66584,DDH-25120166667,2025-12-01,12,13862270.0,29760,2025-12-02,1,13862270.0,100.0,12576,GI210-NINEGRAGON-FSC-T1,Giấy Ivory_Nine Dragon_FSC Mix Credit_210_Tờ_QC_67x97_cm,104.47916666667,3261.6,340769.0,340769.0,True,False,2026-03-14
66584,DDH-25120166667,2025-12-01,12,13862270.0,29760,2025-12-02,1,13862270.0,100.0,8836,VTSX-BONGTPL-6,VTSX_Bóng Toàn Phần Láng_SRO_1504RHG,417.91666666667,83.16,34754.0,34754.0,True,True,2026-03-06
66585,DDH-25120166668,2025-12-01,12,5526800.0,29768,2025-12-02,1,5526800.0,100.0,11690,DCXI-XI18V2-C5,Decal Xi_18_V2_Vàng_Cuộn_Khổ_14_cm,132.03,2391.984,315813.0,315813.0,True,True,2025-10-04
66585,DDH-25120166668,2025-12-01,12,5526800.0,29768,2025-12-02,1,5526800.0,100.0,8087,VTSX-BKCMT-7,VTSX_Băng Keo Cán Màng_Trong_Cuộn_Khổ_13.5_cm,132.03,399.492,52745.0,52745.0,True,False,2026-02-05
66658,DDH-25120266741,2025-12-02,12,5321475.0,29802,2025-12-03,1,5321475.0,100.0,11945,VTSX-KEO-14,VTSX_Keo_Đóng Rắn_P-8_CrossLinker,338.66666666667,1472.04,498531.0,498531.0,True,True,2026-02-05
66658,DDH-25120266741,2025-12-02,12,5321475.0,29802,2025-12-03,1,5321475.0,100.0,10917,GB350-STARL-FSCMIX-T2,Giấy Bristol_Starlux FSC Mix Credit_350_Tờ_QC_75x109_cm,42.333333333333,11182.32,473385.0,473385.0,True,True,2026-03-18
66658,DDH-25120266741,2025-12-02,12,5321475.0,29802,2025-12-03,1,5321475.0,100.0,11944,VTSX-BONGTPN-4,VTSX_Bóng Toàn Phần Nhung_WB620,677.33333333333,420.12,284561.0,284561.0,True,True,2026-03-06
66658,DDH-25120266741,2025-12-02,12,5321475.0,29802,2025-12-03,1,5321475.0,100.0,8530,VTSX-KEMIN-2,VTSX_Kẽm In_Offset Kodak Elecxd QC 80x103 cm,2.0,133100.0,266200.0,266200.0,True,True,2026-03-06
66658,DDH-25120266741,2025-12-02,12,5321475.0,29802,2025-12-03,1,5321475.0,100.0,7586,VTSX-BONGTPM-1,VTSX_Bóng Toàn Phần Mờ_SRO1281W2,338.66666666667,86.4,29261.0,29261.0,True,True,2026-03-06
66908,DDH-25120866991,2025-12-08,12,1133550.0,29963,2025-12-10,2,1136700.0,99.72,8530,VTSX-KEMIN-2,VTSX_Kẽm In_Offset Kodak Elecxd QC 80x103 cm,4.0,133100.0,532400.0,530925.0,True,True,2026-03-06
66908,DDH-25120866991,2025-12-08,12,1133550.0,29963,2025-12-10,2,1136700.0,99.72,10899,GI250-STARB-IPSUN-T1,Giấy Ivory_Starblanc_Ipsun_250_Tờ_QC_75x109_cm,26.230769230769692,7886.16,206860.0,206287.0,True,True,2025-07-04
66908,DDH-25120866991,2025-12-08,12,1133550.0,29963,2025-12-10,2,1136700.0,99.72,7586,VTSX-BONGTPM-1,VTSX_Bóng Toàn Phần Mờ_SRO1281W2,104.92307692308077,86.4,9065.0,9040.0,True,True,2026-03-06
66965,DDH-25120967048,2025-12-09,12,292456.0,29976,2025-12-10,1,292456.0,100.0,9550,DCG-SW7325-T15,Decal Giấy_SW7325_Tờ QC_32x47_cm,11.510204081633,1964.7775,22615.0,22615.0,True,True,2026-03-06
66987,DDH-25120967070,2025-12-09,12,13510890.0,29983,2025-12-10,3,28649748.0,47.16,8500,DCG-SW7325-C6,Decal Giấy_SW7325_Cuộn_Khổ_10_cm,59597.23,1276.56,76079440.0,35878185.0,True,True,2026-03-06
67000,DDH-25120967083,2025-12-09,12,8840000.0,29962,2025-12-10,1,8840000.0,100.0,10917,GB350-STARL-FSCMIX-T2,Giấy Bristol_Starlux FSC Mix Credit_350_Tờ_QC_75x109_cm,110.5,11182.32,1235646.0,1235646.0,True,True,2026-03-18
67000,DDH-25120967083,2025-12-09,12,8840000.0,29962,2025-12-10,1,8840000.0,100.0,8530,VTSX-KEMIN-2,VTSX_Kẽm In_Offset Kodak Elecxd QC 80x103 cm,4.0,133100.0,532400.0,532400.0,True,True,2026-03-06
67000,DDH-25120967083,2025-12-09,12,8840000.0,29962,2025-12-10,1,8840000.0,100.0,7586,VTSX-BONGTPM-1,VTSX_Bóng Toàn Phần Mờ_SRO1281W2,1768.0,86.4,152755.0,152755.0,True,True,2026-03-06
67069,DDH-25121067152,2025-12-10,12,4739900.0,29993,2025-12-11,2,8960050.0,52.9,8530,VTSX-KEMIN-2,VTSX_Kẽm In_Offset Kodak Elecxd QC 80x103 cm,12.0,133100.0,1597200.0,844925.0,True,True,2026-03-06
67069,DDH-25121067152,2025-12-10,12,4739900.0,29993,2025-12-11,2,8960050.0,52.9,10904,GB400-STARB-IPSUN-FSCMIX-T1,Giấy Bristol_Starblanc Ipsun FSC Mix Credit_400_Tờ_QC_75x109_cm,39.56875,11764.44,465504.0,246253.0,True,True,2026-03-14
67069,DDH-25121067152,2025-12-10,12,4739900.0,29993,2025-12-11,2,8960050.0,52.9,8091,VTSX-MNHIETM-6,VTSX_Màng Nhiệt_Keo Mờ_17K_Cuộn_Khổ_54_cm,118.70625,632.772,75114.0,39736.0,True,True,2025-10-25
67369,DDH-25121667451,2025-12-16,12,217800.0,30155,2025-12-18,1,217800.0,100.0,9550,DCG-SW7325-T15,Decal Giấy_SW7325_Tờ QC_32x47_cm,17.4140625,1964.7775,34215.0,34215.0,True,True,2026-03-06
67387,DDH-25121667469,2025-12-16,12,9538000.0,30122,2025-12-17,2,9576000.0,99.6,10924,GMT250-XPER-FED-PREMWHI-FSCMIX-T1,Giấy Mỹ Thuật_X Per_Fedrigoni Premium White_FSC Mix Credit_250_Tờ_QC_72x102_cm,350.5555555555567,15001.2,5258754.0,5237886.0,True,True,2026-03-06
67387,DDH-25121667469,2025-12-16,12,9538000.0,30122,2025-12-17,2,9576000.0,99.6,8530,VTSX-KEMIN-2,VTSX_Kẽm In_Offset Kodak Elecxd QC 80x103 cm,8.0,133100.0,1064800.0,1060575.0,True,True,2026-03-06
67387,DDH-25121667469,2025-12-16,12,9538000.0,30122,2025-12-17,2,9576000.0,99.6,8836,VTSX-BONGTPL-6,VTSX_Bóng Toàn Phần Láng_SRO_1504RHG,2804.444444444433,83.16,233218.0,232293.0,True,True,2026-03-06
67481,DDH-25121867563,2025-12-18,12,1025244.0,30201,2025-12-20,1,1025244.0,100.0,9550,DCG-SW7325-T15,Decal Giấy_SW7325_Tờ QC_32x47_cm,46.096153846154,1964.7775,90569.0,90569.0,True,True,2026-03-06
67596,DDH-25122067678,2025-12-20,12,920664.0,30227,2025-12-22,1,920664.0,100.0,10663,GC350-HAINAN-T1,Giấy Couche_Hainan_350_Tờ_QC_65x86_cm,8.8589743589744,4488.0005,39759.0,39759.0,True,True,2026-03-06
67596,DDH-25122067678,2025-12-20,12,920664.0,30227,2025-12-22,1,920664.0,100.0,8836,VTSX-BONGTPL-6,VTSX_Bóng Toàn Phần Láng_SRO_1504RHG,70.871794871795,83.16,5894.0,5894.0,True,True,2026-03-06
67669,DDH-25122267751,2025-12-22,12,3573900.0,30300,2025-12-24,2,3593370.0,99.46,10900,GB250-STARB-IPSUN-FSCMIX-T1,Giấy Bristol_Starblanc Ipsun FSC Mix Credit_250_Tờ_QC_75x109_cm,96.64999999999966,7020.0,678483.0,674807.0,True,True,2026-02-05
67669,DDH-25122267751,2025-12-22,12,3573900.0,30300,2025-12-24,2,3593370.0,99.46,7586,VTSX-BONGTPM-1,VTSX_Bóng Toàn Phần Mờ_SRO1281W2,1546.3999999999667,86.4,133609.0,132885.0,True,True,2026-03-06
67669,DDH-25122267751,2025-12-22,12,3573900.0,30300,2025-12-24,2,3593370.0,99.46,8836,VTSX-BONGTPL-6,VTSX_Bóng Toàn Phần Láng_SRO_1504RHG,1546.3999999999667,83.16,128598.0,127901.0,True,True,2026-03-06
67669,DDH-25122267751,2025-12-22,12,3573900.0,30300,2025-12-24,2,3593370.0,99.46,7594,VTSX-KEO-1,VTSX_Keo_Cán Màng_Nước_102,773.2000000000033,37.3086,28847.0,28691.0,True,True,2026-02-05
