order_id,reference_no,order_date,year,month,currencies,customer_name,customer_code,total_quantity,revenue_vnd,status,is_end,status_payment,plan_count,allocated_npl_vnd,allocated_npl_waste_vnd,npl_pct_of_revenue,npl_waste_pct_of_revenue,linked_plan_ids
46734,DDH-25010246821,2025-01-02,2025,1,5,CÔNG TY TNHH POUYUEN VIỆT NAM PYV 6030,002915,20000.0,1430000.0,approved,0,0,1,692696.0,727330.0,48.44,50.86,20026
47079,DDH-25010947166,2025-01-09,2025,1,5,CÔNG TY TNHH GIẦY ADIANA VIỆT NAM ,002790,187794.0,39812328.0,approved,0,0,1,2288362.0,2383777.0,5.75,5.99,20236
47108,DDH-25010947195,2025-01-09,2025,1,5,"CÔNG TY TNHH AN GIANG SAMHO CO., LTD",002793,2478.0,235410.0,approved,0,0,1,47958.0,50356.0,20.37,21.39,20275
47301,DDH-25011347388,2025-01-13,2025,1,5,CÔNG TY TNHH VIỆT NAM SAMHO,002783,2304.0,244224.0,approved,0,0,1,43676.0,45859.0,17.88,18.78,20359
47312,DDH-25011447399,2025-01-14,2025,1,5,CÔNG TY TNHH FREEVIEW INDUSTRIAL (VIỆT NAM),002791,9504.0,12516768.0,approved,0,0,1,215189.0,223373.0,1.72,1.78,20343
47372,DDH-25011447459,2025-01-14,2025,1,5,CÔNG TY TNHH VIỆT NAM SAMHO,002783,230620.0,70339100.0,approved,0,0,1,5200374.0,5200374.0,7.39,7.39,20422
47502,DDH-25011547589,2025-01-15,2025,1,5,CÔNG TY TNHH R-PAC VIỆT NAM,002758,16214.0,8917700.0,approved,0,0,1,2162022.0,2165365.0,24.24,24.28,20373
47526,DDH-25011547613,2025-01-15,2025,1,5,CÔNG TY TNHH R-PAC VIỆT NAM,002758,10933.0,5466500.0,approved,0,0,1,756260.0,757593.0,13.83,13.86,20393
47611,DDH-25011647698,2025-01-16,2025,1,5,CÔNG TY TNHH POUYUEN VIỆT NAM - 6060 ,002768,5050.0,10276750.0,approved,0,0,1,1972275.0,1974355.0,19.19,19.21,20459
47629,DDH-25011747716,2025-01-17,2025,1,5,CÔNG TY TNHH R-PAC VIỆT NAM,002758,11931.0,10857210.0,approved,0,0,1,3710633.0,3719671.0,34.18,34.26,20448
47672,DDH-25011847759,2025-01-18,2025,1,5,CÔNG TY TNHH R-PAC VIỆT NAM,002758,26485.0,7945500.0,approved,0,0,1,382087.0,401191.0,4.81,5.05,20482
47679,DDH-25011847766,2025-01-18,2025,1,5,CÔNG TY TNHH R-PAC VIỆT NAM,002758,821.0,147780.0,approved,0,0,1,3388.0,3557.0,2.29,2.41,20487
47722,DDH-25012047809,2025-01-20,2025,1,5,CÔNG TY TNHH HWASEUNG VINA ,002822,300000.0,61800000.0,approved,0,0,1,20666214.0,20666214.0,33.44,33.44,20498
47860,DDH-25012247947,2025-01-22,2025,1,5,"CÔNG TY TNHH AN GIANG SAMHO CO., LTD",002793,13068.0,1176120.0,approved,0,0,1,86803.0,91143.0,7.38,7.75,20609
48001,DDH-25012448088,2025-01-24,2025,1,5,CÔNG TY TNHH POUYUEN VIỆT NAM BOSM,002770,1900.0,4295900.0,approved,0,0,1,813905.0,814670.0,18.95,18.96,20666
48034,DDH-25012548121,2025-01-25,2025,1,1,GLORY GLOBE TRADING LIMITED,002982,2226.0,3289567.0,approved,0,0,1,476383.0,476383.0,14.48,14.48,20650
48056,DDH-25012548143,2025-01-25,2025,1,5,CÔNG TY CỔ PHẦN THÁI BÌNH KIÊN GIANG,002760,3000.0,375000.0,approved,0,0,1,543117.0,570272.0,144.83,152.07,20786
48114,DDH-25020348201,2025-02-03,2025,2,5,CÔNG TY TNHH DỤ ĐỨC VIỆT NAM,002773,20000.0,860000.0,approved,0,0,1,406138.0,406138.0,47.23,47.23,20690
48283,DDH-25020648370,2025-02-06,2025,2,5,CÔNG TY TNHH R-PAC VIỆT NAM,002758,17660.0,4362020.0,approved,0,0,1,951460.0,951460.0,21.81,21.81,20797
48329,DDH-25020648416,2025-02-06,2025,2,5,CÔNG TY TNHH SHYANG HUNG CHENG,002826,4088.0,5314400.0,approved,0,0,1,1079685.0,1133669.0,20.32,21.33,20801
48372,DDH-25020748459,2025-02-07,2025,2,5,CÔNG TY TNHH R-PAC VIỆT NAM,002758,2690.0,7128500.0,approved,0,0,1,1432417.0,1444167.0,20.09,20.26,20838
48376,DDH-25020748463,2025-02-07,2025,2,5,CÔNG TY TNHH R-PAC VIỆT NAM,002758,14200.0,8094000.0,approved,0,0,1,4557811.0,4572011.0,56.31,56.49,20858
48397,DDH-25020748484,2025-02-07,2025,2,5,CÔNG TY TNHH R-PAC VIỆT NAM,002758,20350.0,38665000.0,approved,0,0,1,9528770.0,9553814.0,24.64,24.71,20841
48461,DDH-25020848548,2025-02-08,2025,2,5,CÔNG TY TNHH R-PAC VIỆT NAM,002758,9584.0,6708800.0,approved,0,0,1,1342420.0,1348472.0,20.01,20.1,20885
48466,DDH-25020848553,2025-02-08,2025,2,5,CÔNG TY TNHH R-PAC VIỆT NAM,002758,1155.0,138600.0,approved,0,0,1,2272.0,2272.0,1.64,1.64,20878
48579,DDH-25021048665,2025-02-10,2025,2,1,CÔNG TY TNHH FREETREND INDUSTRIAL A (VIỆT NAM),003000,954.0,237469.0,approved,0,0,1,17519.0,17519.0,7.38,7.38,21002
48643,DDH-25021148729,2025-02-11,2025,2,5,CÔNG TY TNHH POUYUEN VIỆT NAM 6700 (AT1),002986,10000.0,1800000.0,approved,0,0,1,243643.0,255825.0,13.54,14.21,20992
48658,DDH-25021148744,2025-02-11,2025,2,5,CÔNG TY TNHH POUYUEN VIET NAM - 6080,002940,23916.0,4304880.0,approved,0,0,1,641821.0,673912.0,14.91,15.65,20984
48665,DDH-25021148751,2025-02-11,2025,2,5,CÔNG TY TNHH POUYUEN VIET NAM - 6080,002940,2232.0,299088.0,approved,0,0,1,40617.0,40617.0,13.58,13.58,21052
48762,DDH-25021348848,2025-02-13,2025,2,5,CÔNG TY TNHH R-PAC VIỆT NAM,002758,4200.0,2100000.0,approved,0,0,1,1991597.0,2051757.0,94.84,97.7,21070
48894,DDH-25021448980,2025-02-14,2025,2,5,CÔNG TY TNHH POUYUEN VIỆT NAM - 6060 ,002768,2543.0,200897.0,approved,0,0,1,91728.0,91728.0,45.66,45.66,21146
49107,DDH-25021849193,2025-02-18,2025,2,5,CÔNG TY TNHH R-PAC VIỆT NAM,002758,3246.0,1201020.0,approved,0,0,1,661729.0,662448.0,55.1,55.16,21210
49194,DDH-25021849280,2025-02-18,2025,2,5,CÔNG TY TNHH GIẦY ADIANA VIỆT NAM ,002790,1614.0,322800.0,approved,0,0,1,72875.0,72875.0,22.58,22.58,21293
49211,DDH-25021849297,2025-02-18,2025,2,5,CÔNG TY TNHH POUYUEN VIET NAM - 6080,002940,1056.0,2123616.0,approved,0,0,1,27471.0,28844.0,1.29,1.36,21267
49971,DDH-25030150057,2025-03-01,2025,3,5,CÔNG TY TNHH POUHUNG VIỆT NAM,002787,648.0,194400.0,approved,0,0,1,38671.0,39742.0,19.89,20.44,21611
50236,DDH-25030750322,2025-03-07,2025,3,5,CÔNG TY TNHH GIẦY ADIANA VIỆT NAM ,002790,1764.0,186984.0,approved,0,0,1,11734.0,12321.0,6.28,6.59,21845
50375,DDH-25031050461,2025-03-10,2025,3,5,CÔNG TY TNHH TỶ BÁCH,003007,2688.0,688934.0,approved,0,0,1,33980.0,33980.0,4.93,4.93,21878
50527,DDH-25031150613,2025-03-11,2025,3,5,CÔNG TY TNHH SHYANG HUNG CHENG,002826,4061.0,2554369.0,approved,0,0,1,299968.0,300612.0,11.74,11.77,21943
50776,DDH-25031450862,2025-03-14,2025,3,5,CÔNG TY TNHH R-PAC VIỆT NAM,002758,114924.0,33213036.0,approved,0,0,1,2502527.0,2509423.0,7.53,7.56,22031
50812,DDH-25031450898,2025-03-14,2025,3,1,CÔNG TY TNHH FREETREND INDUSTRIAL A (VIỆT NAM),003000,1872.0,309016.0,approved,0,0,1,18145.0,19052.0,5.87,6.17,22062
50877,DDH-25031550963,2025-03-15,2025,3,5,CÔNG TY TNHH LẠC TỶ II ,002834,12238.0,2704598.0,approved,0,0,1,214981.0,225730.0,7.95,8.35,22109
50971,DDH-25031851057,2025-03-18,2025,3,5,CÔNG TY TNHH 3D HUB CAFÉ,002796,5000.0,0.0,approved,0,0,1,228020.0,239421.0,,,22156
50984,DDH-25031851070,2025-03-18,2025,3,5,CÔNG TY TNHH POUYUEN VIỆT NAM KHU B (B3-1F CPC),002943,115920.0,51120720.0,approved,0,0,1,12166315.0,12767976.0,23.8,24.98,22127
50997,DDH-25031951083,2025-03-19,2025,3,5,CÔNG TY TNHH POUYUEN VIỆT NAM BOSM,002770,5000.0,2500000.0,approved,0,0,1,418329.0,439245.0,16.73,17.57,22190
51183,DDH-25032151269,2025-03-21,2025,3,5,CÔNG TY TNHH R-PAC VIỆT NAM,002758,1119.0,402840.0,approved,0,0,1,825544.0,827565.0,204.93,205.43,22232
51203,DDH-25032151289,2025-03-21,2025,3,5,CÔNG TY TNHH POUYUEN VIỆT NAM - 6060 ,002768,4465.0,1227875.0,approved,0,0,1,228572.0,228572.0,18.62,18.62,22244
51243,DDH-25032251329,2025-03-22,2025,3,5,CÔNG TY TNHH GIẦY ADIANA VIỆT NAM ,002790,3564.0,270864.0,approved,0,0,1,8917.0,9362.0,3.29,3.46,22287
51267,DDH-25032251353,2025-03-22,2025,3,5,CÔNG TY TNHH FREEVIEW INDUSTRIAL (VIỆT NAM),002791,190878.0,5726340.0,approved,0,0,1,500527.0,525553.0,8.74,9.18,22299
51408,DDH-25032551494,2025-03-25,2025,3,5,CÔNG TY TNHH GIẦY ADIANA VIỆT NAM ,002790,3624.0,391392.0,approved,0,0,1,65391.0,65391.0,16.71,16.71,22406
51596,DDH-25032851682,2025-03-28,2025,3,5,CÔNG TY TNHH POUYUEN VIET NAM - 6080,002940,18198.0,36596178.0,approved,0,0,1,441276.0,463340.0,1.21,1.27,22424
51641,DDH-25032951727,2025-03-29,2025,3,5,CÔNG TY TNHH POUYUEN VIỆT NAM - 6060 ,002768,7000.0,3087000.0,approved,0,0,1,768110.0,801937.0,24.88,25.98,22464
51799,DDH-25040151885,2025-04-01,2025,4,5,CÔNG TY TNHH R-PAC VIỆT NAM,002758,10000.0,5000000.0,approved,0,0,1,2165118.0,2168335.0,43.3,43.37,22567
51811,DDH-25040151897,2025-04-01,2025,4,5,"CÔNG TY TNHH AN GIANG SAMHO CO., LTD",002793,678.0,135600.0,approved,0,0,1,47267.0,49630.0,34.86,36.6,22612
51915,DDH-25040352001,2025-04-03,2025,4,5,CÔNG TY TNHH R-PAC VIỆT NAM,002758,11267.0,3380100.0,approved,0,0,1,853995.0,860797.0,25.27,25.47,22636
51992,DDH-25040552078,2025-04-05,2025,4,5,CÔNG TY TNHH SẢN XUẤT GIẦY CHUNG JYE NINH BÌNH,002784,54162.0,17386002.0,approved,0,0,1,7414742.0,7414742.0,42.65,42.65,22689
52032,DDH-25040552118,2025-04-05,2025,4,5,CÔNG TY TNHH R-PAC VIỆT NAM,002758,32190.0,6759900.0,approved,0,0,1,3662685.0,3670012.0,54.18,54.29,22706
52472,DDH-25041452558,2025-04-14,2025,4,5,CÔNG TY TNHH R-PAC VIỆT NAM,002758,2131.0,1939210.0,approved,0,0,1,588513.0,588673.0,30.35,30.36,22913
52540,DDH-25041552626,2025-04-15,2025,4,5,CÔNG TY TNHH POUHUNG VIỆT NAM,002787,10422.0,1875960.0,approved,0,0,1,287308.0,301674.0,15.32,16.08,22943
52546,DDH-25041552632,2025-04-15,2025,4,5,CÔNG TY TNHH R-PAC VIỆT NAM,002758,6310.0,1552260.0,approved,0,0,1,456650.0,466172.0,29.42,30.03,22938
52571,DDH-25041552657,2025-04-15,2025,4,5,CÔNG TY TNHH GIẦY ADIANA VIỆT NAM ,002790,7194.0,1374054.0,approved,0,0,1,123592.0,123592.0,8.99,8.99,22958
52658,DDH-25041652744,2025-04-16,2025,4,5,CÔNG TY TNHH R-PAC VIỆT NAM,002758,603.0,345519.0,approved,0,0,1,609254.0,609385.0,176.33,176.37,22997
52751,DDH-25041852837,2025-04-18,2025,4,5,CÔNG TY TNHH POUHUNG VIỆT NAM,002787,6636.0,1897896.0,approved,0,0,1,413647.0,434330.0,21.8,22.88,23056
52801,DDH-25041852887,2025-04-18,2025,4,5,CÔNG TY TNHH POUYUEN VIỆT NAM - 6060 ,002768,1640.0,2294360.0,approved,0,0,1,572405.0,572405.0,24.95,24.95,23105
52852,DDH-25041952938,2025-04-19,2025,4,5,CÔNG TY TNHH R-PAC VIỆT NAM,002758,1800.0,810000.0,approved,0,0,1,10855.0,11397.0,1.34,1.41,23108
52986,DDH-25042253072,2025-04-22,2025,4,5,CÔNG TY TNHH POUYUEN VIET NAM - 6080,002940,2178.0,4379958.0,approved,0,0,1,58229.0,61140.0,1.33,1.4,23154
53089,DDH-25042353175,2025-04-23,2025,4,5,CÔNG TY TNHH POUYUEN VIỆT NAM - 6060 ,002768,800.0,760000.0,approved,0,0,1,8545.0,8972.0,1.12,1.18,23274
53118,DDH-25042453204,2025-04-24,2025,4,5,CÔNG TY TNHH FREEVIEW INDUSTRIAL (VIỆT NAM),002791,2700.0,1509300.0,approved,0,0,1,62884.0,64301.0,4.17,4.26,23243
53229,DDH-25042653315,2025-04-26,2025,4,5,CÔNG TY CỔ PHẦN THÁI BÌNH KIÊN GIANG,002760,17031.0,2128875.0,approved,0,0,1,980192.0,1003717.0,46.04,47.15,23308
53576,DDH-25050553662,2025-05-05,2025,5,5,CÔNG TY TNHH FREEVIEW INDUSTRIAL (VIỆT NAM),002791,190926.0,63005580.0,approved,0,0,1,39943669.0,39943669.0,63.4,63.4,23545
53614,DDH-25050553700,2025-05-05,2025,5,5,CÔNG TY TNHH CI BAO,002837,16901.0,21971300.0,approved,0,0,2,6397368.0,6424770.0,29.12,29.24,23482;23489
53614,DDH-25050553700,2025-05-05,2025,5,5,CÔNG TY TNHH CI BAO,002837,16901.0,21971300.0,approved,0,0,2,6397368.0,6424770.0,29.12,29.24,23482;23489
53779,DDH-25050853865,2025-05-08,2025,5,5,"CÔNG TY TNHH AN GIANG SAMHO CO., LTD",002793,1386.0,277200.0,approved,0,0,1,62560.0,62560.0,22.57,22.57,23631
54122,DDH-25051454208,2025-05-14,2025,5,5,CÔNG TY TNHH POUHUNG VIỆT NAM,002787,35910.0,15944040.0,approved,0,0,1,1034878.0,1086622.0,6.49,6.82,23778
54124,DDH-25051454210,2025-05-14,2025,5,5,CÔNG TY TNHH VIỆT NAM SAMHO,002783,58914.0,3947238.0,approved,0,0,1,337910.0,354805.0,8.56,8.99,23783
54325,DDH-25051754411,2025-05-17,2025,5,5,CÔNG TY TNHH POUYUEN VIỆT NAM KHU B (B3-1F CPC),002943,9350.0,785400.0,approved,0,0,1,371130.0,371130.0,47.25,47.25,23872
54442,DDH-25052054528,2025-05-20,2025,5,5,CÔNG TY TNHH R-PAC VIỆT NAM,002758,3085.0,2807350.0,approved,0,0,1,1892383.0,1894745.0,67.41,67.49,23900
54503,DDH-25052154589,2025-05-21,2025,5,5,CÔNG TY TNHH DỤ ĐỨC VIỆT NAM,002773,7360.0,161920.0,approved,0,0,1,187216.0,196576.0,115.62,121.4,23968
54613,DDH-25052354699,2025-05-23,2025,5,5,CÔNG TY TNHH R-PAC VIỆT NAM,002758,3005.0,1502500.0,approved,0,0,1,764688.0,765310.0,50.89,50.94,24010
54625,DDH-25052354711,2025-05-23,2025,5,5,CÔNG TY TNHH R-PAC VIỆT NAM,002758,104350.0,234370100.0,approved,0,0,1,105105567.0,105384238.0,44.85,44.96,24048
54696,DDH-25052654782,2025-05-26,2025,5,5,CÔNG TY TNHH POUHUNG VIỆT NAM,002787,1362.0,133476.0,approved,0,0,1,60441.0,60441.0,45.28,45.28,24105
54734,DDH-25052654820,2025-05-26,2025,5,5,CÔNG TY TNHH R-PAC VIỆT NAM,002758,20366.0,64702782.0,approved,0,0,1,17289593.0,17292289.0,26.72,26.73,24089
54807,DDH-25052854893,2025-05-28,2025,5,5,CÔNG TY TNHH SẢN XUẤT GIẦY CHUNG JYE NINH BÌNH,002784,1104.0,290352.0,approved,0,0,1,22374.0,22374.0,7.71,7.71,24143
54847,DDH-25052854933,2025-05-28,2025,5,5,CÔNG TY TNHH POUHUNG VIỆT NAM,002787,8508.0,2433288.0,approved,0,0,1,541163.0,568222.0,22.24,23.35,24134
54861,DDH-25052954947,2025-05-29,2025,5,5,CÔNG TY TNHH POUYUEN VIỆT NAM PYV 6030,002915,4000.0,132000.0,approved,0,0,1,39079.0,41033.0,29.61,31.09,24175
54923,DDH-25052955009,2025-05-29,2025,5,5,CÔNG TY TNHH POUYUEN VIỆT NAM - 6060 ,002768,68794.0,30338154.0,approved,0,0,1,7783372.0,8140432.0,25.66,26.83,24164
55277,DDH-25060455363,2025-06-04,2025,6,5,CÔNG TY TNHH TỶ XUÂN (ADD),002825,5220.0,1153620.0,approved,0,0,1,0.0,0.0,0.0,0.0,24334
55327,DDH-25060555413,2025-06-05,2025,6,5,CÔNG TY TNHH R-PAC VIỆT NAM,002758,16710.0,5932050.0,approved,0,0,1,2231892.0,2237140.0,37.62,37.71,24352
55379,DDH-25060655465,2025-06-06,2025,6,5,"CÔNG TY TNHH AN GIANG SAMHO CO., LTD",002793,41202.0,824040.0,approved,0,0,1,110819.0,116360.0,13.45,14.12,24366
55409,DDH-25060955495,2025-06-09,2025,6,5,"CÔNG TY TNHH AN GIANG SAMHO CO., LTD",002793,11274.0,3190542.0,approved,0,0,1,435782.0,435782.0,13.66,13.66,24403
55431,DDH-25060955517,2025-06-09,2025,6,1,CÔNG TY TNHH HÀI MỸ NHÀ MÁY SÀI GÒN ,002878,779.0,575600.0,approved,0,0,1,20504.0,21528.0,3.56,3.74,24399
55574,DDH-25061055660,2025-06-10,2025,6,5,CÔNG TY TNHH POUYUEN VIỆT NAM BOSM,002770,2000.0,3400000.0,approved,0,0,1,1236967.0,1236967.0,36.38,36.38,24447
55720,DDH-25061355806,2025-06-13,2025,6,5,CÔNG TY TNHH ĐỈNH VÀNG ,002776,30000.0,1800000.0,approved,0,0,1,294267.0,308981.0,16.35,17.17,24534
55822,DDH-25061355908,2025-06-13,2025,6,5,CÔNG TY TNHH R-PAC VIỆT NAM,002758,1400.0,700000.0,approved,0,0,1,182341.0,182765.0,26.05,26.11,24552
55909,DDH-25061455995,2025-06-14,2025,6,5,CÔNG TY TNHH R-PAC VIỆT NAM,002758,622.0,311000.0,approved,0,0,1,757203.0,757414.0,243.47,243.54,24557
55923,DDH-25061456009,2025-06-14,2025,6,5,CÔNG TY TNHH R-PAC VIỆT NAM,002758,20510.0,6153000.0,approved,0,0,1,1218982.0,1223625.0,19.81,19.89,24595
55980,DDH-25061756066,2025-06-17,2025,6,5,CÔNG TY TNHH POUYUEN VIỆT NAM - 6060 ,002768,5000.0,225000.0,approved,0,0,1,40418.0,40418.0,17.96,17.96,24610
56159,DDH-25062056245,2025-06-20,2025,6,5,CÔNG TY TNHH POUHUNG VIỆT NAM,002787,654.0,69324.0,approved,0,0,1,11824.0,11824.0,17.06,17.06,24729
56256,DDH-25062456342,2025-06-24,2025,6,5,CÔNG TY TNHH POUHUNG VIỆT NAM,002787,2400.0,244800.0,approved,0,0,1,25665.0,26948.0,10.48,11.01,24794
56257,DDH-25062456343,2025-06-24,2025,6,5,CÔNG TY TNHH POUYUEN VIET NAM - 6080,002940,873.0,1169820.0,approved,0,0,1,175203.0,183963.0,14.98,15.73,24806
56599,DDH-25062856685,2025-06-28,2025,6,5,CÔNG TY TNHH POUYUEN VIỆT NAM PYV 6030,002915,670.0,29480.0,approved,0,0,1,0.0,0.0,0.0,0.0,24922
56669,DDH-25063056755,2025-06-30,2025,6,5,CÔNG TY TNHH R-PAC VIỆT NAM,002758,19736.0,5920800.0,approved,0,0,1,2934730.0,3037655.0,49.57,51.3,24970
56688,DDH-25063056774,2025-06-30,2025,6,5,CÔNG TY TNHH R-PAC VIỆT NAM,002758,706.0,2242962.0,approved,0,0,1,645846.0,646876.0,28.79,28.84,24945
56736,DDH-25070156822,2025-07-01,2025,7,5,"CÔNG TY TNHH AN GIANG SAMHO CO., LTD",002793,182030.0,3640600.0,approved,0,0,1,565244.0,593507.0,15.53,16.3,24980
56741,DDH-25070156827,2025-07-01,2025,7,5,CÔNG TY TNHH R-PAC VIỆT NAM,002758,1379.0,413700.0,approved,0,0,1,673409.0,681762.0,162.78,164.8,25000
56770,DDH-25070256856,2025-07-02,2025,7,5,"CÔNG TY TNHH AN GIANG SAMHO CO., LTD",002793,774.0,73530.0,approved,0,0,1,16008.0,16008.0,21.77,21.77,25016
56838,DDH-25070356924,2025-07-03,2025,7,5,CÔNG TY TNHH R-PAC VIỆT NAM,002758,2000.0,1320000.0,approved,0,0,1,721671.0,724177.0,54.67,54.86,25054
57013,DDH-25070757099,2025-07-07,2025,7,5,CÔNG TY TNHH VIỆT NAM SAMHO,002783,3636.0,1381680.0,approved,0,0,1,148768.0,156206.0,10.77,11.31,25134
57300,DDH-25071157386,2025-07-11,2025,7,1,GLORY GLOBE TRADING LIMITED,002982,3872.0,5377070.0,approved,0,0,1,948697.0,996132.0,17.64,18.53,25292
57305,DDH-25071157391,2025-07-11,2025,7,1,GLORY GLOBE TRADING LIMITED,002982,841.0,1167902.0,approved,0,0,1,288320.0,302736.0,24.69,25.92,25294
57404,DDH-25071457490,2025-07-14,2025,7,5,CÔNG TY TNHH GIẦY ADIANA VIỆT NAM ,002790,167694.0,35551128.0,approved,0,0,1,2641525.0,2760291.0,7.43,7.76,25336
57548,DDH-25071657634,2025-07-16,2025,7,5,CÔNG TY TNHH VIỆT NAM SAMHO,002783,25188.0,478572.0,approved,0,0,1,99874.0,99874.0,20.87,20.87,25397
57563,DDH-25071657649,2025-07-16,2025,7,5,CÔNG TY TNHH FREEVIEW INDUSTRIAL (VIỆT NAM),002791,504.0,15120.0,approved,0,0,1,1556.0,1556.0,10.29,10.29,25410
57792,DDH-25071857878,2025-07-18,2025,7,5,CÔNG TY TNHH POUHUNG VIỆT NAM,002787,792.0,859320.0,approved,0,0,1,392464.0,392464.0,45.67,45.67,25517
57813,DDH-25071857899,2025-07-18,2025,7,5,CÔNG TY CỔ PHẦN THÁI BÌNH KIÊN GIANG,002760,9500.0,1900000.0,approved,0,0,1,155678.0,157271.0,8.19,8.28,25483
58045,DDH-25072258131,2025-07-22,2025,7,5,CÔNG TY TNHH R-PAC VIỆT NAM,002758,4690.0,11232550.0,approved,0,0,1,2565864.0,2573000.0,22.84,22.91,25573
58117,DDH-25072358203,2025-07-23,2025,7,5,CÔNG TY TNHH POUYUEN VIỆT NAM - 6060 ,002768,7390.0,702050.0,approved,0,0,1,199477.0,199477.0,28.41,28.41,25661
58228,DDH-25072458314,2025-07-24,2025,7,5,CÔNG TY TNHH FREEVIEW INDUSTRIAL (VIỆT NAM),002791,7266.0,15665496.0,approved,0,0,1,160016.0,160016.0,1.02,1.02,25735
58286,DDH-25072558372,2025-07-25,2025,7,5,CÔNG TY TNHH R-PAC VIỆT NAM,002758,46250.0,87875000.0,approved,0,0,1,22591274.0,22651999.0,25.71,25.78,25703
58329,DDH-25072658415,2025-07-26,2025,7,5,CÔNG TY TNHH GIẦY ADIANA VIỆT NAM ,002790,1998.0,215784.0,approved,0,0,1,37432.0,37432.0,17.35,17.35,25769
58829,DDH-25080558915,2025-08-05,2025,8,5,CÔNG TY TNHH FREEVIEW INDUSTRIAL (VIỆT NAM),002791,3684.0,1009416.0,approved,0,0,1,44195.0,44195.0,4.38,4.38,26028
58843,DDH-25080558929,2025-08-05,2025,8,5,CÔNG TY TNHH POUYUEN VIỆT NAM - 6060 ,002768,4570.0,9299950.0,approved,0,0,1,633509.0,634752.0,6.81,6.83,26056
59082,DDH-25080959167,2025-08-09,2025,8,5,"CÔNG TY TNHH AN GIANG SAMHO CO., LTD",002793,5340.0,859740.0,approved,0,0,1,40582.0,40582.0,4.72,4.72,26173
59084,DDH-25080959169,2025-08-09,2025,8,5,CÔNG TY TNHH R-PAC VIỆT NAM,002758,2432.0,2047744.0,approved,0,0,1,2521954.0,2536969.0,123.16,123.89,26217
59107,DDH-25080959192,2025-08-09,2025,8,5,"CÔNG TY TNHH AN GIANG SAMHO CO., LTD",002793,9000.0,459000.0,approved,0,0,1,166241.0,166241.0,36.22,36.22,26182
59110,DDH-25080959195,2025-08-09,2025,8,5,"CÔNG TY TNHH AN GIANG SAMHO CO., LTD",002793,23390.0,467800.0,approved,0,0,1,71303.0,74868.0,15.24,16.0,26172
59351,DDH-25081259436,2025-08-12,2025,8,5,CÔNG TY TNHH R-PAC VIỆT NAM,002758,10000.0,5000000.0,approved,0,0,1,4050050.0,4054267.0,81.0,81.09,26250
59389,DDH-25081359474,2025-08-13,2025,8,5,CÔNG TY TNHH POUYUEN VIET NAM - 6080,002940,1422.0,122292.0,approved,0,0,1,56995.0,56995.0,46.61,46.61,26373
59412,DDH-25081359497,2025-08-13,2025,8,5,CÔNG TY TNHH R-PAC VIỆT NAM,002758,1236.0,618000.0,approved,0,0,1,441779.0,442123.0,71.49,71.54,26283
60209,DDH-25082260293,2025-08-22,2025,8,5,CÔNG TY TNHH R-PAC VIỆT NAM,002758,17420.0,11253320.0,approved,0,0,1,2317676.0,2393869.0,20.6,21.27,26872
60362,DDH-25082560446,2025-08-25,2025,8,5,CÔNG TY TNHH R-PAC VIỆT NAM,002758,3585.0,8102100.0,approved,0,0,1,2403100.0,2418949.0,29.66,29.86,26744
60410,DDH-25082660494,2025-08-26,2025,8,5,CÔNG TY TNHH GIẦY ANDROMEDA VIỆT NAM,003003,41730.0,26164710.0,approved,0,0,1,583177.0,592371.0,2.23,2.26,26763
60474,DDH-25082660558,2025-08-26,2025,8,5,CÔNG TY TNHH R-PAC VIỆT NAM,002758,576.0,204480.0,approved,0,0,1,65543.0,65923.0,32.05,32.24,26837
60497,DDH-25082760581,2025-08-27,2025,8,5,CÔNG TY TNHH GIẦY ANDROMEDA VIỆT NAM,003003,4068.0,5292468.0,approved,0,0,1,361610.0,366381.0,6.83,6.92,26802
60512,DDH-25082760596,2025-08-27,2025,8,5,CÔNG TY TNHH R-PAC VIỆT NAM,002758,4675.0,1402500.0,approved,0,0,1,325476.0,326542.0,23.21,23.28,26938
60524,DDH-25082760608,2025-08-27,2025,8,5,CÔNG TY TNHH POUYUEN VIỆT NAM - 6060 ,002768,22448.0,6846640.0,approved,0,0,1,823809.0,823809.0,12.03,12.03,26806
60861,DDH-25083060945,2025-08-30,2025,8,5,CÔNG TY TNHH R-PAC VIỆT NAM,002758,2566.0,2160572.0,approved,0,0,1,2232248.0,2247053.0,103.32,104.0,27095
61172,DDH-25090561256,2025-09-05,2025,9,5,CÔNG TY TNHH GIẦY ANDROMEDA VIỆT NAM,003003,996.0,467124.0,approved,0,0,1,28544.0,28544.0,6.11,6.11,27204
61316,DDH-25090961400,2025-09-09,2025,9,5,CÔNG TY TNHH VIỆT NAM SAMHO,002783,6339.0,1521360.0,approved,0,0,1,198492.0,198492.0,13.05,13.05,27305
61394,DDH-25090961478,2025-09-09,2025,9,5,CÔNG TY TNHH R-PAC VIỆT NAM,002758,6500.0,2405000.0,approved,0,0,1,960572.0,961722.0,39.94,39.99,27289
61425,DDH-25090961509,2025-09-09,2025,9,5,CÔNG TY TNHH R-PAC VIỆT NAM,002758,1044.0,370620.0,approved,0,0,1,123286.0,123999.0,33.26,33.46,27382
61545,DDH-25091161629,2025-09-11,2025,9,5,CÔNG TY TNHH GIÀY DA MỸ PHONG,002894,1110.0,299700.0,approved,0,0,1,23087.0,24241.0,7.7,8.09,27377
61660,DDH-25091261744,2025-09-12,2025,9,5,CÔNG TY TNHH DỤ ĐỨC VIỆT NAM,002773,82840.0,1822480.0,approved,0,0,1,469952.0,493449.0,25.79,27.08,27430
61717,DDH-25091361801,2025-09-13,2025,9,5,CÔNG TY TNHH LẠC TỶ II ,002834,8000.0,3080000.0,approved,0,0,1,2032172.0,2032172.0,65.98,65.98,27460
61972,DDH-25091762056,2025-09-17,2025,9,5,CÔNG TY TNHH GIẦY ANDROMEDA VIỆT NAM,003003,9510.0,285300.0,approved,0,0,1,47347.0,49714.0,16.6,17.43,27584
62083,DDH-25091862167,2025-09-18,2025,9,5,CÔNG TY TNHH GIẦY ANDROMEDA VIỆT NAM,003003,2814.0,562800.0,approved,0,0,1,127978.0,127978.0,22.74,22.74,27630
62298,DDH-25092062382,2025-09-20,2025,9,5,CÔNG TY TNHH R-PAC VIỆT NAM,002758,665.0,1263500.0,approved,0,0,1,355032.0,355950.0,28.1,28.17,27691
62302,DDH-25092062386,2025-09-20,2025,9,5,CÔNG TY TNHH R-PAC VIỆT NAM,002758,1015.0,1928500.0,approved,0,0,1,692064.0,693449.0,35.89,35.96,27687
62306,DDH-25092062390,2025-09-20,2025,9,5,CÔNG TY TNHH R-PAC VIỆT NAM,002758,13000.0,33800000.0,approved,0,0,1,5920409.0,5982492.0,17.52,17.7,27682
62366,DDH-25092062450,2025-09-20,2025,9,5,CÔNG TY TNHH R-PAC VIỆT NAM,002758,22050.0,49833000.0,approved,0,0,1,13664200.0,13757764.0,27.42,27.61,27696
62580,DDH-25092462664,2025-09-24,2025,9,5,CÔNG TY TNHH R-PAC VIỆT NAM,002758,93050.0,176795000.0,approved,0,0,1,44391847.0,44510814.0,25.11,25.18,27829
62589,DDH-25092462673,2025-09-24,2025,9,5,CÔNG TY TNHH POUYUEN VIỆT NAM - 6060 ,002768,5030.0,1358100.0,approved,0,0,1,101893.0,101893.0,7.5,7.5,27846
62827,DDH-25092762911,2025-09-27,2025,9,5,CÔNG TY JIAHSIN VN (ADD),002824,3000.0,1485000.0,approved,0,0,1,254112.0,254395.0,17.11,17.13,27952
62838,DDH-25092962922,2025-09-29,2025,9,5,CÔNG TY TNHH GIẦY ADIANA VIỆT NAM ,002790,2976.0,315456.0,approved,0,0,1,23814.0,23814.0,7.55,7.55,28014
63110,DDH-25100263194,2025-10-02,2025,10,1,CÔNG TY TNHH HÀI MỸ NHÀ MÁY SÀI GÒN ,002878,1572.0,2541395.0,approved,0,0,1,359523.0,377499.0,14.15,14.85,28082
63159,DDH-25100363243,2025-10-03,2025,10,5,CÔNG TY TNHH VIỆT NAM SAMHO,002783,1470.0,241080.0,approved,0,0,1,10996.0,10996.0,4.56,4.56,28118
63212,DDH-25100363296,2025-10-03,2025,10,5,CÔNG TY TNHH R-PAC VIỆT NAM,002758,3585.0,8102100.0,approved,0,0,1,2675749.0,2691787.0,33.03,33.22,28137
63365,DDH-25100663449,2025-10-06,2025,10,5,CÔNG TY TNHH R-PAC VIỆT NAM,002758,2700.0,1539000.0,approved,0,0,1,949723.0,951192.0,61.71,61.81,28189
63402,DDH-25100763486,2025-10-07,2025,10,5,CÔNG TY TNHH POUYUEN VIET NAM - 6080,002940,29484.0,3007368.0,approved,0,0,1,211748.0,211748.0,7.04,7.04,28203
63686,DDH-25101163769,2025-10-11,2025,10,5,CÔNG TY TNHH FREEVIEW INDUSTRIAL (VIỆT NAM),002791,10700.0,4536800.0,approved,0,0,1,1174791.0,1181345.0,25.89,26.04,28355
64092,DDH-25101764175,2025-10-17,2025,10,5,CÔNG TY TNHH R-PAC VIỆT NAM,002758,50000.0,6500000.0,approved,0,0,1,4098739.0,4117963.0,63.06,63.35,28528
64281,DDH-25102164364,2025-10-21,2025,10,5,CÔNG TY TNHH GIẦY ANDROMEDA VIỆT NAM,003003,1250.0,950000.0,approved,0,0,1,272334.0,285949.0,28.67,30.1,28736
64283,DDH-25102164366,2025-10-21,2025,10,5,CÔNG TY TNHH FREEVIEW INDUSTRIAL (VIỆT NAM),002791,6000.0,12936000.0,approved,0,0,1,131168.0,131168.0,1.01,1.01,28629
64400,DDH-25102364483,2025-10-23,2025,10,5,CÔNG TY TNHH POUYUEN VIET NAM - 6080,002940,7440.0,14961840.0,approved,0,0,1,198823.0,208764.0,1.33,1.4,28720
64415,DDH-25102364498,2025-10-23,2025,10,5,CÔNG TY TNHH POUYUEN VIỆT NAM PYV 6030,002915,30000.0,870000.0,approved,0,0,1,555506.0,583281.0,63.85,67.04,28709
64515,DDH-25102464598,2025-10-24,2025,10,5,CÔNG TY TNHH POUYUEN VIỆT NAM - 6060 ,002768,38160.0,22056480.0,approved,0,0,1,9173838.0,9632531.0,41.59,43.67,28762
64542,DDH-25102464625,2025-10-24,2025,10,5,CÔNG TY TNHH R-PAC VIỆT NAM,002758,1115.0,2504290.0,approved,0,0,1,408945.0,409958.0,16.33,16.37,28780
64582,DDH-25102564665,2025-10-25,2025,10,5,CÔNG TY TNHH R-PAC VIỆT NAM,002758,6035.0,17501500.0,approved,0,0,1,4021880.0,4048461.0,22.98,23.13,28800
64616,DDH-25102564699,2025-10-25,2025,10,5,CÔNG TY TNHH POUHUNG VIỆT NAM,002787,23214.0,10307016.0,approved,0,0,1,665112.0,665112.0,6.45,6.45,28810
64689,DDH-25102764772,2025-10-27,2025,10,5,CÔNG TY TNHH R-PAC VIỆT NAM,002758,7248.0,2174400.0,approved,0,0,1,557426.0,561866.0,25.64,25.84,28864
64799,DDH-25102964882,2025-10-29,2025,10,5,CÔNG TY TNHH R-PAC VIỆT NAM,002758,43000.0,34400000.0,approved,0,0,1,7140338.0,7176408.0,20.76,20.86,28879
64998,DDH-25110165081,2025-11-01,2025,11,5,CÔNG TY TNHH R-PAC VIỆT NAM,002758,865.0,1954900.0,approved,0,0,1,255673.0,259522.0,13.08,13.28,28990
65061,DDH-25110365144,2025-11-03,2025,11,5,CÔNG TY TNHH R-PAC VIỆT NAM,002758,4264.0,767520.0,approved,0,0,1,18099.0,19004.0,2.36,2.48,29032
65163,DDH-25110565246,2025-11-05,2025,11,5,CÔNG TY TNHH POUYUEN VIET NAM - 6080,002940,5070.0,2286570.0,approved,0,0,1,151206.0,158766.0,6.61,6.94,29065
65633,DDH-25111365716,2025-11-13,2025,11,5,CÔNG TY TNHH POUYUEN VIET NAM-6080,002988,30000.0,5100000.0,approved,0,0,1,2591196.0,2591196.0,50.81,50.81,29297
65655,DDH-25111365738,2025-11-13,2025,11,5,CÔNG TY TNHH R-PAC VIỆT NAM,002758,550.0,1243000.0,approved,0,0,1,198465.0,199695.0,15.97,16.07,29291
65719,DDH-25111465802,2025-11-14,2025,11,5,CÔNG TY TNHH R-PAC VIỆT NAM,002758,65000.0,8775000.0,approved,0,0,1,4580419.0,4612624.0,52.2,52.57,29325
65733,DDH-25111565816,2025-11-15,2025,11,5,CÔNG TY TNHH TỶ BÁCH,003007,981.0,1275300.0,approved,0,0,1,482353.0,482353.0,37.82,37.82,29357
65933,DDH-25111966016,2025-11-19,2025,11,5,CÔNG TY TNHH POUHUNG VIỆT NAM,002787,1355.0,1470175.0,approved,0,0,1,669498.0,669498.0,45.54,45.54,29479
65981,DDH-25112066064,2025-11-20,2025,11,5,CÔNG TY TNHH FREEVIEW INDUSTRIAL (VIỆT NAM),002791,2000.0,502000.0,approved,0,0,1,33411.0,35082.0,6.66,6.99,29514
65995,DDH-25112066078,2025-11-20,2025,11,5,CÔNG TY TNHH R-PAC VIỆT NAM,002758,9000.0,17100000.0,approved,0,0,1,3569402.0,3578823.0,20.87,20.93,29470
66104,DDH-25112266187,2025-11-22,2025,11,5,CÔNG TY TNHH POUHUNG VIỆT NAM,002787,2632.0,2674112.0,approved,0,0,1,569102.0,597558.0,21.28,22.35,29598
66235,DDH-25112666318,2025-11-26,2025,11,5,CÔNG TY TNHH GIẦY ADIANA VIỆT NAM ,002790,2280.0,483360.0,approved,0,0,1,151182.0,151182.0,31.28,31.28,29627
66329,DDH-25112766412,2025-11-27,2025,11,5,CÔNG TY TNHH POUYUEN VIỆT NAM - 6060 ,002768,1699.0,190288.0,approved,0,0,1,25089.0,25089.0,13.18,13.18,29662
66416,DDH-25112866499,2025-11-28,2025,11,5,CÔNG TY TNHH HWASEUNG VINA ,002822,10000.0,1910000.0,approved,0,0,1,0.0,0.0,0.0,0.0,29711
66419,DDH-25112866502,2025-11-28,2025,11,5,CÔNG TY TNHH R-PAC VIỆT NAM,002758,82000.0,65600000.0,approved,0,0,1,9687573.0,9738242.0,14.77,14.84,29710
66427,DDH-25112866510,2025-11-28,2025,11,5,CÔNG TY TNHH R-PAC VIỆT NAM,002758,158200.0,20566000.0,approved,0,0,1,8493881.0,8530645.0,41.3,41.48,29681
66450,DDH-25112866533,2025-11-28,2025,11,1,GLORY GLOBE TRADING LIMITED,002982,1411.0,1959464.0,approved,0,0,1,345907.0,363202.0,17.65,18.54,29690
66584,DDH-25120166667,2025-12-01,2025,12,5,CÔNG TY TNHH R-PAC VIỆT NAM,002758,30070.0,13862270.0,approved,0,0,1,2225976.0,2227714.0,16.06,16.07,29760
66585,DDH-25120166668,2025-12-01,2025,12,5,CÔNG TY TNHH SHYANG HUNG CHENG,002826,8200.0,5526800.0,approved,0,0,1,368558.0,368558.0,6.67,6.67,29768
66658,DDH-25120266741,2025-12-02,2025,12,5,CÔNG TY TNHH R-PAC VIỆT NAM,002758,1675.0,5321475.0,approved,0,0,1,1551938.0,1592555.0,29.16,29.93,29802
66908,DDH-25120866991,2025-12-08,2025,12,5,CÔNG TY TNHH R-PAC VIỆT NAM,002758,2519.0,1133550.0,approved,0,0,1,746251.0,746703.0,65.83,65.87,29963
66965,DDH-25120967048,2025-12-09,2025,12,5,"CÔNG TY TNHH AN GIANG SAMHO CO., LTD",002793,1112.0,292456.0,approved,0,0,1,22615.0,22615.0,7.73,7.73,29976
66987,DDH-25120967070,2025-12-09,2025,12,5,CÔNG TY TNHH SẢN XUẤT GIẦY CHUNG JYE NINH BÌNH,002784,42090.0,13510890.0,approved,0,0,1,35878185.0,35878185.0,265.55,265.55,29983
67000,DDH-25120967083,2025-12-09,2025,12,5,CÔNG TY TNHH R-PAC VIỆT NAM,002758,3400.0,8840000.0,approved,0,0,1,1920801.0,1928439.0,21.73,21.81,29962
67069,DDH-25121067152,2025-12-10,2025,12,5,CÔNG TY TNHH R-PAC VIỆT NAM,002758,8618.0,4739900.0,approved,0,0,1,1130914.0,1130914.0,23.86,23.86,29993
67369,DDH-25121667451,2025-12-16,2025,12,5,"CÔNG TY TNHH AN GIANG SAMHO CO., LTD",002793,2178.0,217800.0,approved,0,0,1,34215.0,34215.0,15.71,15.71,30155
67387,DDH-25121667469,2025-12-16,2025,12,5,CÔNG TY TNHH R-PAC VIỆT NAM,002758,25100.0,9538000.0,approved,0,0,1,6530753.0,6804261.0,68.47,71.34,30122
67481,DDH-25121867563,2025-12-18,2025,12,5,CÔNG TY TNHH TỶ XUÂN (ADD),002825,9493.0,1025244.0,approved,0,0,1,90569.0,90569.0,8.83,8.83,30201
67596,DDH-25122067678,2025-12-20,2025,12,5,"CÔNG TY TNHH AN GIANG SAMHO CO., LTD",002793,1368.0,920664.0,approved,0,0,1,45653.0,47935.0,4.96,5.21,30227
67669,DDH-25122267751,2025-12-22,2025,12,5,CÔNG TY TNHH R-PAC VIỆT NAM,002758,10830.0,3573900.0,approved,0,0,1,964284.0,978759.0,26.98,27.39,30300
